timestamp,voltage_v,voltage_filtered_v,current_a,current_filtered_a,average_current_a,discharged_mah,remaining,scale,temperature,cell_count,voltage_cell_v[0],voltage_cell_v[1],voltage_cell_v[2],voltage_cell_v[3],max_cell_voltage_delta,capacity,cycle_count,run_time_to_empty,average_time_to_empty,serial_number,connected,system_source,priority,is_powering_off,warning
9232320000,12.150001,12.149966,-1.0,-1.0,0.0,0.0,0.999979,1.0000029,nan,3,0.0,0.0,0.0,0.0,0.0,0,0,0,0,0,1,1,0,0,0
9232824000,12.136141,12.147372,-1.0,-1.0,0.0,0.0,0.99840736,1.0002164,nan,3,0.0,0.0,0.0,0.0,0.0,0,0,0,0,0,1,1,0,0,0
9233328000,12.12228,12.140901,-1.0,-1.0,0.0,0.0,0.9944849,1.0007495,nan,3,0.0,0.0,0.0,0.0,0.0,0,0,0,0,0,1,1,0,0,0
9233820000,12.10875,12.132121,-1.0,-1.0,0.0,0.0,0.9891634,1.0014738,nan,3,0.0,0.0,0.0,0.0,0.0,0,0,0,0,0,1,1,0,0,0
9234324000,12.094891,12.121469,-1.0,-1.0,0.0,0.0,0.982708,1.0023538,nan,3,0.0,0.0,0.0,0.0,0.0,0,0,0,0,0,1,1,0,0,0
9234828000,12.08103,12.10971,-1.0,-1.0,0.0,0.0,0.97558165,1.0033271,nan,3,0.0,0.0,0.0,0.0,0.0,0,0,0,0,0,1,1,0,0,0
9235320000,12.0675,12.097532,-1.0,-1.0,0.0,0.0,0.96820116,1.0043371,nan,3,0.0,0.0,0.0,0.0,0.0,0,0,0,0,0,1,1,0,0,0
9235824000,12.053641,12.084583,-1.0,-1.0,0.0,0.0,0.9603529,1.0054133,nan,3,0.0,0.0,0.0,0.0,0.0,0,0,0,0,0,1,1,0,0,0
9236328000,12.039782,12.071321,-1.0,-1.0,0.0,0.0,0.95231533,1.0065179,nan,3,0.0,0.0,0.0,0.0,0.0,0,0,0,0,0,1,1,0,0,0
9236820000,12.02625,12.058176,-1.0,-1.0,0.0,0.0,0.9443488,1.0076151,nan,3,0.0,0.0,0.0,0.0,0.0,0,0,0,0,0,1,1,0,0,0
9237324000,12.012391,12.044578,-1.0,-1.0,0.0,0.0,0.93610716,1.0087527,nan,3,0.0,0.0,0.0,0.0,0.0,0,0,0,0,0,1,1,0,0,0
9237828000,11.998531,12.0308895,-1.0,-1.0,0.0,0.0,0.92781115,1.0099005,nan,3,0.0,0.0,0.0,0.0,0.0,0,0,0,0,0,1,1,0,0,0
9238320000,11.985001,12.017468,-1.0,-1.0,0.0,0.0,0.91967726,1.0110283,nan,3,0.0,0.0,0.0,0.0,0.0,0,0,0,0,0,1,1,0,0,0
9238824000,11.971141,12.003683,-1.0,-1.0,0.0,0.0,0.9113231,1.0121894,nan,3,0.0,0.0,0.0,0.0,0.0,0,0,0,0,0,1,1,0,0,0
9239328000,11.957281,11.989871,-1.0,-1.0,0.0,0.0,0.9029517,1.0133555,nan,3,0.0,0.0,0.0,0.0,0.0,0,0,0,0,0,1,1,0,0,0
9239820000,11.94375,11.976371,-1.0,-1.0,0.0,0.0,0.89476967,1.0144976,nan,3,0.0,0.0,0.0,0.0,0.0,0,0,0,0,0,1,1,0,0,0
9240324000,11.929891,11.962531,-1.0,-1.0,0.0,0.0,0.8863821,1.0156714,nan,3,0.0,0.0,0.0,0.0,0.0,0,0,0,0,0,1,1,0,0,0
9240828000,11.916031,11.948686,-1.0,-1.0,0.0,0.0,0.8779907,1.0168483,nan,3,0.0,0.0,0.0,0.0,0.0,0,0,0,0,0,1,1,0,0,0
9241320000,11.9025,11.935164,-1.0,-1.0,0.0,0.0,0.8697963,1.0180002,nan,3,0.0,0.0,0.0,0.0,0.0,0,0,0,0,0,1,1,0,0,0
9241824000,11.88864,11.921309,-1.0,-1.0,0.0,0.0,0.86139965,1.0191834,nan,3,0.0,0.0,0.0,0.0,0.0,0,0,0,0,0,1,1,0,0,0
9242328000,11.874781,11.907454,-1.0,-1.0,0.0,0.0,0.8530021,1.0203693,nan,3,0.0,0.0,0.0,0.0,0.0,0,0,0,0,0,1,1,0,0,0
9242820000,11.86125,11.893927,-1.0,-1.0,0.0,0.0,0.8448038,1.0215298,nan,3,0.0,0.0,0.0,0.0,0.0,0,0,0,0,0,1,1,0,0,0
9243324000,11.84739,11.880068,-1.0,-1.0,0.0,0.0,0.8364043,1.0227215,nan,3,0.0,0.0,0.0,0.0,0.0,0,0,0,0,0,1,1,0,0,0
9243828000,11.83353,11.866209,-1.0,-1.0,0.0,0.0,0.8280053,1.0239159,nan,3,0.0,0.0,0.0,0.0,0.0,0,0,0,0,0,1,1,0,0,0
9244320000,11.82,11.85268,-1.0,-1.0,0.0,0.0,0.8198056,1.0250847,nan,3,0.0,0.0,0.0,0.0,0.0,0,0,0,0,0,1,1,0,0,0
9244824000,11.806141,11.8388195,-1.0,-1.0,0.0,0.0,0.8114052,1.0262848,nan,3,0.0,0.0,0.0,0.0,0.0,0,0,0,0,0,1,1,0,0,0
9245328000,11.79228,11.82496,-1.0,-1.0,0.0,0.0,0.8030057,1.0274876,nan,3,0.0,0.0,0.0,0.0,0.0,0,0,0,0,0,1,1,0,0,0
9245820000,11.77875,11.81143,-1.0,-1.0,0.0,0.0,0.7948055,1.0286647,nan,3,0.0,0.0,0.0,0.0,0.0,0,0,0,0,0,1,1,0,0,0
9246324000,11.764891,11.797569,-1.0,-1.0,0.0,0.0,0.7864051,1.0298733,nan,3,0.0,0.0,0.0,0.0,0.0,0,0,0,0,0,1,1,0,0,0
9246828000,11.75103,11.78371,-1.0,-1.0,0.0,0.0,0.7780056,1.0310845,nan,3,0.0,0.0,0.0,0.0,0.0,0,0,0,0,0,1,1,0,0,0
9247320000,11.7375,11.77018,-1.0,-1.0,0.0,0.0,0.76980543,1.0322697,nan,3,0.0,0.0,0.0,0.0,0.0,0,0,0,0,0,1,1,0,0,0
9247824000,11.72364,11.756319,-1.0,-1.0,0.0,0.0,0.761405,1.0334868,nan,3,0.0,0.0,0.0,0.0,0.0,0,0,0,0,0,1,1,0,0,0
9248328000,11.709781,11.74246,-1.0,-1.0,0.0,0.0,0.7530055,1.0347066,nan,3,0.0,0.0,0.0,0.0,0.0,0,0,0,0,0,1,1,0,0,0
9248820000,11.69625,11.7289295,-1.0,-1.0,0.0,0.0,0.74480534,1.0359002,nan,3,0.0,0.0,0.0,0.0,0.0,0,0,0,0,0,1,1,0,0,0
9249324000,11.68239,11.715069,-1.0,-1.0,0.0,0.0,0.7364049,1.0371258,nan,3,0.0,0.0,0.0,0.0,0.0,0,0,0,0,0,1,1,0,0,0
9249828000,11.66853,11.70121,-1.0,-1.0,0.0,0.0,0.7280054,1.0383543,nan,3,0.0,0.0,0.0,0.0,0.0,0,0,0,0,0,1,1,0,0,0
9250320000,11.655001,11.687679,-1.0,-1.0,0.0,0.0,0.71980524,1.0395563,nan,3,0.0,0.0,0.0,0.0,0.0,0,0,0,0,0,1,1,0,0,0
9250824000,11.64114,11.67382,-1.0,-1.0,0.0,0.0,0.71140575,1.0407904,nan,3,0.0,0.0,0.0,0.0,0.0,0,0,0,0,0,1,1,0,0,0
9251328000,11.62728,11.659961,-1.0,-1.0,0.0,0.0,0.70300627,1.0420276,nan,3,0.0,0.0,0.0,0.0,0.0,0,0,0,0,0,1,1,0,0,0
9251820000,11.61375,11.646431,-1.0,-1.0,0.0,0.0,0.6948066,1.043238,nan,3,0.0,0.0,0.0,0.0,0.0,0,0,0,0,0,1,1,0,0,0
9252324000,11.59989,11.63257,-1.0,-1.0,0.0,0.0,0.68640614,1.0444812,nan,3,0.0,0.0,0.0,0.0,0.0,0,0,0,0,0,1,1,0,0,0
9252828000,11.586031,11.6187105,-1.0,-1.0,0.0,0.0,0.6780062,1.0457271,nan,3,0.0,0.0,0.0,0.0,0.0,0,0,0,0,0,1,1,0,0,0
9253320000,11.5725,11.605181,-1.0,-1.0,0.0,0.0,0.6698065,1.0469463,nan,3,0.0,0.0,0.0,0.0,0.0,0,0,0,0,0,1,1,0,0,0
9253824000,11.55864,11.59132,-1.0,-1.0,0.0,0.0,0.66140556,1.0481982,nan,3,0.0,0.0,0.0,0.0,0.0,0,0,0,0,0,1,1,0,0,0
9254328000,11.544781,11.57746,-1.0,-1.0,0.0,0.0,0.6530061,1.049453,nan,3,0.0,0.0,0.0,0.0,0.0,0,0,0,0,0,1,1,0,0,0
9254820000,11.53125,11.5639305,-1.0,-1.0,0.0,0.0,0.6448064,1.0506809,nan,3,0.0,0.0,0.0,0.0,0.0,0,0,0,0,0,1,1,0,0,0
9255324000,11.51739,11.55007,-1.0,-1.0,0.0,0.0,0.63640547,1.0519418,nan,3,0.0,0.0,0.0,0.0,0.0,0,0,0,0,0,1,1,0,0,0
9255828000,11.5035305,11.53621,-1.0,-1.0,0.0,0.0,0.628006,1.0532055,nan,3,0.0,0.0,0.0,0.0,0.0,0,0,0,0,0,1,1,0,0,0
9256320000,11.490001,11.52268,-1.0,-1.0,0.0,0.0,0.6198063,1.0544422,nan,3,0.0,0.0,0.0,0.0,0.0,0,0,0,0,0,1,1,0,0,0
9256824000,11.47614,11.50882,-1.0,-1.0,0.0,0.0,0.6114054,1.0557121,nan,3,0.0,0.0,0.0,0.0,0.0,0,0,0,0,0,1,1,0,0,0
9257328000,11.46228,11.49496,-1.0,-1.0,0.0,0.0,0.6030059,1.056985,nan,3,0.0,0.0,0.0,0.0,0.0,0,0,0,0,0,1,1,0,0,0
9257820000,11.4487505,11.48143,-1.0,-1.0,0.0,0.0,0.5948062,1.0582305,nan,3,0.0,0.0,0.0,0.0,0.0,0,0,0,0,0,1,1,0,0,0
9258324000,11.43489,11.467569,-1.0,-1.0,0.0,0.0,0.5864053,1.0595096,nan,3,0.0,0.0,0.0,0.0,0.0,0,0,0,0,0,1,1,0,0,0
9258828000,11.42103,11.45371,-1.0,-1.0,0.0,0.0,0.5780058,1.0607917,nan,3,0.0,0.0,0.0,0.0,0.0,0,0,0,0,0,1,1,0,0,0
9259320000,11.4075,11.44018,-1.0,-1.0,0.0,0.0,0.5698056,1.0620463,nan,3,0.0,0.0,0.0,0.0,0.0,0,0,0,0,0,1,1,0,0,0
9259824000,11.3936405,11.426319,-1.0,-1.0,0.0,0.0,0.5614052,1.0633346,nan,3,0.0,0.0,0.0,0.0,0.0,0,0,0,0,0,1,1,0,0,0
9260328000,11.37978,11.412459,-1.0,-1.0,0.0,0.0,0.5530057,1.064626,nan,3,0.0,0.0,0.0,0.0,0.0,0,0,0,0,0,1,1,0,0,0
9260820000,11.366251,11.39893,-1.0,-1.0,0.0,0.0,0.5448055,1.0658896,nan,3,0.0,0.0,0.0,0.0,0.0,0,0,0,0,0,1,1,0,0,0
9261324000,11.35239,11.385069,-1.0,-1.0,0.0,0.0,0.5364051,1.0671873,nan,3,0.0,0.0,0.0,0.0,0.0,0,0,0,0,0,1,1,0,0,0
9261828000,11.33853,11.371209,-1.0,-1.0,0.0,0.0,0.5280056,1.068488,nan,3,0.0,0.0,0.0,0.0,0.0,0,0,0,0,0,1,1,0,0,0
9262320000,11.325001,11.357679,-1.0,-1.0,0.0,0.0,0.51980543,1.0697609,nan,3,0.0,0.0,0.0,0.0,0.0,0,0,0,0,0,1,1,0,0,0
9262824000,11.325001,11.346421,-1.0,-1.0,0.0,0.0,0.51298237,1.0708222,nan,3,0.0,0.0,0.0,0.0,0.0,0,0,0,0,0,1,1,0,0,0
9263328000,11.325001,11.339043,-1.0,-1.0,0.0,0.0,0.5085106,1.071519,nan,3,0.0,0.0,0.0,0.0,0.0,0,0,0,0,0,1,1,0,0,0
9263820000,11.325001,11.334294,-1.0,-1.0,0.0,0.0,0.5056329,1.071968,nan,3,0.0,0.0,0.0,0.0,0.0,0,0,0,0,0,1,1,0,0,0
9264324000,11.325001,11.331089,-1.0,-1.0,0.0,0.0,0.50369024,1.0722712,nan,3,0.0,0.0,0.0,0.0,0.0,0,0,0,0,0,1,1,0,0,0
9264828000,11.325001,11.32899,-1.0,-1.0,0.0,0.0,0.50241804,1.0724698,nan,3,0.0,0.0,0.0,0.0,0.0,0,0,0,0,0,1,1,0,0,0
9265320000,11.325001,11.327639,-1.0,-1.0,0.0,0.0,0.50159883,1.0725979,nan,3,0.0,0.0,0.0,0.0,0.0,0,0,0,0,0,1,1,0,0,0
9265824000,11.325001,11.326726,-1.0,-1.0,0.0,0.0,0.5010457,1.0726843,nan,3,0.0,0.0,0.0,0.0,0.0,0,0,0,0,0,1,1,0,0,0
9266328000,11.325001,11.326129,-1.0,-1.0,0.0,0.0,0.5006838,1.0727409,nan,3,0.0,0.0,0.0,0.0,0.0,0,0,0,0,0,1,1,0,0,0
9266820000,11.325001,11.325746,-1.0,-1.0,0.0,0.0,0.50045156,1.0727772,nan,3,0.0,0.0,0.0,0.0,0.0,0,0,0,0,0,1,1,0,0,0
9267324000,11.325001,11.325485,-1.0,-1.0,0.0,0.0,0.50029373,1.0728017,nan,3,0.0,0.0,0.0,0.0,0.0,0,0,0,0,0,1,1,0,0,0
9267828000,11.325001,11.325314,-1.0,-1.0,0.0,0.0,0.5001898,1.072818,nan,3,0.0,0.0,0.0,0.0,0.0,0,0,0,0,0,1,1,0,0,0
9268320000,11.325001,11.325206,-1.0,-1.0,0.0,0.0,0.50012445,1.0728283,nan,3,0.0,0.0,0.0,0.0,0.0,0,0,0,0,0,1,1,0,0,0
9268824000,11.325001,11.325129,-1.0,-1.0,0.0,0.0,0.5000777,1.0728356,nan,3,0.0,0.0,0.0,0.0,0.0,0,0,0,0,0,1,1,0,0,0
9269328000,11.325001,11.3250885,-1.0,-1.0,0.0,0.0,0.5000534,1.0728394,nan,3,0.0,0.0,0.0,0.0,0.0,0,0,0,0,0,1,1,0,0,0
9269820000,11.325001,11.325049,-1.0,-1.0,0.0,0.0,0.50003004,1.0728431,nan,3,0.0,0.0,0.0,0.0,0.0,0,0,0,0,0,1,1,0,0,0
9270324000,11.325001,11.325036,-1.0,-1.0,0.0,0.0,0.50002146,1.0728443,nan,3,0.0,0.0,0.0,0.0,0.0,0,0,0,0,0,1,1,0,0,0
9270828000,11.325001,11.325036,-1.0,-1.0,0.0,0.0,0.50002146,1.0728443,nan,3,0.0,0.0,0.0,0.0,0.0,0,0,0,0,0,1,1,0,0,0
9271320000,11.325001,11.325036,-1.0,-1.0,0.0,0.0,0.50002146,1.0728443,nan,3,0.0,0.0,0.0,0.0,0.0,0,0,0,0,0,1,1,0,0,0
9271824000,11.325001,11.325036,-1.0,-1.0,0.0,0.0,0.50002146,1.0728443,nan,3,0.0,0.0,0.0,0.0,0.0,0,0,0,0,0,1,1,0,0,0
9272328000,11.325001,11.325036,-1.0,-1.0,0.0,0.0,0.50002146,1.0728443,nan,3,0.0,0.0,0.0,0.0,0.0,0,0,0,0,0,1,1,0,0,0
9272820000,11.325001,11.325036,-1.0,-1.0,0.0,0.0,0.50002146,1.0728443,nan,3,0.0,0.0,0.0,0.0,0.0,0,0,0,0,0,1,1,0,0,0
9273324000,11.325001,11.325036,-1.0,-1.0,0.0,0.0,0.50002146,1.0728443,nan,3,0.0,0.0,0.0,0.0,0.0,0,0,0,0,0,1,1,0,0,0
9273828000,11.325001,11.325036,-1.0,-1.0,0.0,0.0,0.50002146,1.0728443,nan,3,0.0,0.0,0.0,0.0,0.0,0,0,0,0,0,1,1,0,0,0
9274320000,11.325001,11.325036,-1.0,-1.0,0.0,0.0,0.50002146,1.0728443,nan,3,0.0,0.0,0.0,0.0,0.0,0,0,0,0,0,1,1,0,0,0
9274824000,11.325001,11.325036,-1.0,-1.0,0.0,0.0,0.50002146,1.0728443,nan,3,0.0,0.0,0.0,0.0,0.0,0,0,0,0,0,1,1,0,0,0
9275328000,11.325001,11.325036,-1.0,-1.0,0.0,0.0,0.50002146,1.0728443,nan,3,0.0,0.0,0.0,0.0,0.0,0,0,0,0,0,1,1,0,0,0
9275820000,11.325001,11.325036,-1.0,-1.0,0.0,0.0,0.50002146,1.0728443,nan,3,0.0,0.0,0.0,0.0,0.0,0,0,0,0,0,1,1,0,0,0
9276324000,11.325001,11.325036,-1.0,-1.0,0.0,0.0,0.50002146,1.0728443,nan,3,0.0,0.0,0.0,0.0,0.0,0,0,0,0,0,1,1,0,0,0
9276828000,11.325001,11.325036,-1.0,-1.0,0.0,0.0,0.50002146,1.0728443,nan,3,0.0,0.0,0.0,0.0,0.0,0,0,0,0,0,1,1,0,0,0
9277320000,11.325001,11.325036,-1.0,-1.0,0.0,0.0,0.50002146,1.0728443,nan,3,0.0,0.0,0.0,0.0,0.0,0,0,0,0,0,1,1,0,0,0
9277824000,11.325001,11.325036,-1.0,-1.0,0.0,0.0,0.50002146,1.0728443,nan,3,0.0,0.0,0.0,0.0,0.0,0,0,0,0,0,1,1,0,0,0
9278328000,11.325001,11.325036,-1.0,-1.0,0.0,0.0,0.50002146,1.0728443,nan,3,0.0,0.0,0.0,0.0,0.0,0,0,0,0,0,1,1,0,0,0
9278820000,11.325001,11.325036,-1.0,-1.0,0.0,0.0,0.50002146,1.0728443,nan,3,0.0,0.0,0.0,0.0,0.0,0,0,0,0,0,1,1,0,0,0
9279324000,11.325001,11.325036,-1.0,-1.0,0.0,0.0,0.50002146,1.0728443,nan,3,0.0,0.0,0.0,0.0,0.0,0,0,0,0,0,1,1,0,0,0
9279828000,11.325001,11.325036,-1.0,-1.0,0.0,0.0,0.50002146,1.0728443,nan,3,0.0,0.0,0.0,0.0,0.0,0,0,0,0,0,1,1,0,0,0
9280320000,11.325001,11.325036,-1.0,-1.0,0.0,0.0,0.50002146,1.0728443,nan,3,0.0,0.0,0.0,0.0,0.0,0,0,0,0,0,1,1,0,0,0
9280824000,11.325001,11.325036,-1.0,-1.0,0.0,0.0,0.50002146,1.0728443,nan,3,0.0,0.0,0.0,0.0,0.0,0,0,0,0,0,1,1,0,0,0
9281328000,11.325001,11.325036,-1.0,-1.0,0.0,0.0,0.50002146,1.0728443,nan,3,0.0,0.0,0.0,0.0,0.0,0,0,0,0,0,1,1,0,0,0
9281820000,11.325001,11.325036,-1.0,-1.0,0.0,0.0,0.50002146,1.0728443,nan,3,0.0,0.0,0.0,0.0,0.0,0,0,0,0,0,1,1,0,0,0
9282324000,11.325001,11.325036,-1.0,-1.0,0.0,0.0,0.50002146,1.0728443,nan,3,0.0,0.0,0.0,0.0,0.0,0,0,0,0,0,1,1,0,0,0
9282828000,11.325001,11.325036,-1.0,-1.0,0.0,0.0,0.50002146,1.0728443,nan,3,0.0,0.0,0.0,0.0,0.0,0,0,0,0,0,1,1,0,0,0
9283320000,11.325001,11.325036,-1.0,-1.0,0.0,0.0,0.50002146,1.0728443,nan,3,0.0,0.0,0.0,0.0,0.0,0,0,0,0,0,1,1,0,0,0
9283824000,11.325001,11.325036,-1.0,-1.0,0.0,0.0,0.50002146,1.0728443,nan,3,0.0,0.0,0.0,0.0,0.0,0,0,0,0,0,1,1,0,0,0
9284328000,11.325001,11.325036,-1.0,-1.0,0.0,0.0,0.50002146,1.0728443,nan,3,0.0,0.0,0.0,0.0,0.0,0,0,0,0,0,1,1,0,0,0
9284820000,11.325001,11.325036,-1.0,-1.0,0.0,0.0,0.50002146,1.0728443,nan,3,0.0,0.0,0.0,0.0,0.0,0,0,0,0,0,1,1,0,0,0
9285324000,11.325001,11.325036,-1.0,-1.0,0.0,0.0,0.50002146,1.0728443,nan,3,0.0,0.0,0.0,0.0,0.0,0,0,0,0,0,1,1,0,0,0
9285828000,11.325001,11.325036,-1.0,-1.0,0.0,0.0,0.50002146,1.0728443,nan,3,0.0,0.0,0.0,0.0,0.0,0,0,0,0,0,1,1,0,0,0
9286320000,11.325001,11.325036,-1.0,-1.0,0.0,0.0,0.50002146,1.0728443,nan,3,0.0,0.0,0.0,0.0,0.0,0,0,0,0,0,1,1,0,0,0
9286824000,11.325001,11.325036,-1.0,-1.0,0.0,0.0,0.50002146,1.0728443,nan,3,0.0,0.0,0.0,0.0,0.0,0,0,0,0,0,1,1,0,0,0
9287328000,11.325001,11.325036,-1.0,-1.0,0.0,0.0,0.50002146,1.0728443,nan,3,0.0,0.0,0.0,0.0,0.0,0,0,0,0,0,1,1,0,0,0
9287820000,11.325001,11.325036,-1.0,-1.0,0.0,0.0,0.50002146,1.0728443,nan,3,0.0,0.0,0.0,0.0,0.0,0,0,0,0,0,1,1,0,0,0
9288324000,11.325001,11.325036,-1.0,-1.0,0.0,0.0,0.50002146,1.0728443,nan,3,0.0,0.0,0.0,0.0,0.0,0,0,0,0,0,1,1,0,0,0
9288828000,11.325001,11.325036,-1.0,-1.0,0.0,0.0,0.50002146,1.0728443,nan,3,0.0,0.0,0.0,0.0,0.0,0,0,0,0,0,1,1,0,0,0
9289320000,11.325001,11.325036,-1.0,-1.0,0.0,0.0,0.50002146,1.0728443,nan,3,0.0,0.0,0.0,0.0,0.0,0,0,0,0,0,1,1,0,0,0
9289824000,11.325001,11.325036,-1.0,-1.0,0.0,0.0,0.50002146,1.0728443,nan,3,0.0,0.0,0.0,0.0,0.0,0,0,0,0,0,1,1,0,0,0
9290328000,11.325001,11.325036,-1.0,-1.0,0.0,0.0,0.50002146,1.0728443,nan,3,0.0,0.0,0.0,0.0,0.0,0,0,0,0,0,1,1,0,0,0
9290820000,11.325001,11.325036,-1.0,-1.0,0.0,0.0,0.50002146,1.0728443,nan,3,0.0,0.0,0.0,0.0,0.0,0,0,0,0,0,1,1,0,0,0
9291324000,11.325001,11.325036,-1.0,-1.0,0.0,0.0,0.50002146,1.0728443,nan,3,0.0,0.0,0.0,0.0,0.0,0,0,0,0,0,1,1,0,0,0
9291828000,11.325001,11.325036,-1.0,-1.0,0.0,0.0,0.50002146,1.0728443,nan,3,0.0,0.0,0.0,0.0,0.0,0,0,0,0,0,1,1,0,0,0
9292320000,11.325001,11.325036,-1.0,-1.0,0.0,0.0,0.50002146,1.0728443,nan,3,0.0,0.0,0.0,0.0,0.0,0,0,0,0,0,1,1,0,0,0
9292824000,11.325001,11.325036,-1.0,-1.0,0.0,0.0,0.50002146,1.0728443,nan,3,0.0,0.0,0.0,0.0,0.0,0,0,0,0,0,1,1,0,0,0
9293328000,11.325001,11.325036,-1.0,-1.0,0.0,0.0,0.50002146,1.0728443,nan,3,0.0,0.0,0.0,0.0,0.0,0,0,0,0,0,1,1,0,0,0
9293820000,11.325001,11.325036,-1.0,-1.0,0.0,0.0,0.50002146,1.0728443,nan,3,0.0,0.0,0.0,0.0,0.0,0,0,0,0,0,1,1,0,0,0
9294324000,11.325001,11.325036,-1.0,-1.0,0.0,0.0,0.50002146,1.0728443,nan,3,0.0,0.0,0.0,0.0,0.0,0,0,0,0,0,1,1,0,0,0
9294828000,11.325001,11.325036,-1.0,-1.0,0.0,0.0,0.50002146,1.0728443,nan,3,0.0,0.0,0.0,0.0,0.0,0,0,0,0,0,1,1,0,0,0
9295320000,11.325001,11.325036,-1.0,-1.0,0.0,0.0,0.50002146,1.0728443,nan,3,0.0,0.0,0.0,0.0,0.0,0,0,0,0,0,1,1,0,0,0
9295824000,11.325001,11.325036,-1.0,-1.0,0.0,0.0,0.50002146,1.0728443,nan,3,0.0,0.0,0.0,0.0,0.0,0,0,0,0,0,1,1,0,0,0
9296328000,11.325001,11.325036,-1.0,-1.0,0.0,0.0,0.50002146,1.0728443,nan,3,0.0,0.0,0.0,0.0,0.0,0,0,0,0,0,1,1,0,0,0
9296820000,11.325001,11.325036,-1.0,-1.0,0.0,0.0,0.50002146,1.0728443,nan,3,0.0,0.0,0.0,0.0,0.0,0,0,0,0,0,1,1,0,0,0
9297324000,11.325001,11.325036,-1.0,-1.0,0.0,0.0,0.50002146,1.0728443,nan,3,0.0,0.0,0.0,0.0,0.0,0,0,0,0,0,1,1,0,0,0
9297828000,11.325001,11.325036,-1.0,-1.0,0.0,0.0,0.50002146,1.0728443,nan,3,0.0,0.0,0.0,0.0,0.0,0,0,0,0,0,1,1,0,0,0
9298320000,11.325001,11.325036,-1.0,-1.0,0.0,0.0,0.50002146,1.0728443,nan,3,0.0,0.0,0.0,0.0,0.0,0,0,0,0,0,1,1,0,0,0
9298824000,11.325001,11.325036,-1.0,-1.0,0.0,0.0,0.50002146,1.0728443,nan,3,0.0,0.0,0.0,0.0,0.0,0,0,0,0,0,1,1,0,0,0
9299328000,11.325001,11.325036,-1.0,-1.0,0.0,0.0,0.50002146,1.0728443,nan,3,0.0,0.0,0.0,0.0,0.0,0,0,0,0,0,1,1,0,0,0
9299820000,11.325001,11.325036,-1.0,-1.0,0.0,0.0,0.50002146,1.0728443,nan,3,0.0,0.0,0.0,0.0,0.0,0,0,0,0,0,1,1,0,0,0
9300324000,11.325001,11.325036,-1.0,-1.0,0.0,0.0,0.50002146,1.0728443,nan,3,0.0,0.0,0.0,0.0,0.0,0,0,0,0,0,1,1,0,0,0
9300828000,11.325001,11.325036,-1.0,-1.0,0.0,0.0,0.50002146,1.0728443,nan,3,0.0,0.0,0.0,0.0,0.0,0,0,0,0,0,1,1,0,0,0
9301320000,11.325001,11.325036,-1.0,-1.0,0.0,0.0,0.50002146,1.0728443,nan,3,0.0,0.0,0.0,0.0,0.0,0,0,0,0,0,1,1,0,0,0
9301824000,11.325001,11.325036,-1.0,-1.0,0.0,0.0,0.50002146,1.0728443,nan,3,0.0,0.0,0.0,0.0,0.0,0,0,0,0,0,1,1,0,0,0
9302328000,11.325001,11.325036,-1.0,-1.0,0.0,0.0,0.50002146,1.0728443,nan,3,0.0,0.0,0.0,0.0,0.0,0,0,0,0,0,1,1,0,0,0
9302820000,11.325001,11.325036,-1.0,-1.0,0.0,0.0,0.50002146,1.0728443,nan,3,0.0,0.0,0.0,0.0,0.0,0,0,0,0,0,1,1,0,0,0
9303324000,11.325001,11.325036,-1.0,-1.0,0.0,0.0,0.50002146,1.0728443,nan,3,0.0,0.0,0.0,0.0,0.0,0,0,0,0,0,1,1,0,0,0
9303828000,11.325001,11.325036,-1.0,-1.0,0.0,0.0,0.50002146,1.0728443,nan,3,0.0,0.0,0.0,0.0,0.0,0,0,0,0,0,1,1,0,0,0
9304320000,11.325001,11.325036,-1.0,-1.0,0.0,0.0,0.50002146,1.0728443,nan,3,0.0,0.0,0.0,0.0,0.0,0,0,0,0,0,1,1,0,0,0
9304824000,11.325001,11.325036,-1.0,-1.0,0.0,0.0,0.50002146,1.0728443,nan,3,0.0,0.0,0.0,0.0,0.0,0,0,0,0,0,1,1,0,0,0
9305328000,11.325001,11.325036,-1.0,-1.0,0.0,0.0,0.50002146,1.0728443,nan,3,0.0,0.0,0.0,0.0,0.0,0,0,0,0,0,1,1,0,0,0
9305820000,11.325001,11.325036,-1.0,-1.0,0.0,0.0,0.50002146,1.0728443,nan,3,0.0,0.0,0.0,0.0,0.0,0,0,0,0,0,1,1,0,0,0
9306324000,11.325001,11.325036,-1.0,-1.0,0.0,0.0,0.50002146,1.0728443,nan,3,0.0,0.0,0.0,0.0,0.0,0,0,0,0,0,1,1,0,0,0
9306828000,11.325001,11.325036,-1.0,-1.0,0.0,0.0,0.50002146,1.0728443,nan,3,0.0,0.0,0.0,0.0,0.0,0,0,0,0,0,1,1,0,0,0
9307320000,11.325001,11.325036,-1.0,-1.0,0.0,0.0,0.50002146,1.0728443,nan,3,0.0,0.0,0.0,0.0,0.0,0,0,0,0,0,1,1,0,0,0
9307824000,11.325001,11.325036,-1.0,-1.0,0.0,0.0,0.50002146,1.0728443,nan,3,0.0,0.0,0.0,0.0,0.0,0,0,0,0,0,1,1,0,0,0
9308328000,11.325001,11.325036,-1.0,-1.0,0.0,0.0,0.50002146,1.0728443,nan,3,0.0,0.0,0.0,0.0,0.0,0,0,0,0,0,1,1,0,0,0
9308820000,11.325001,11.325036,-1.0,-1.0,0.0,0.0,0.50002146,1.0728443,nan,3,0.0,0.0,0.0,0.0,0.0,0,0,0,0,0,1,1,0,0,0
9309324000,11.325001,11.325036,-1.0,-1.0,0.0,0.0,0.50002146,1.0728443,nan,3,0.0,0.0,0.0,0.0,0.0,0,0,0,0,0,1,1,0,0,0
9309828000,11.325001,11.325036,-1.0,-1.0,0.0,0.0,0.50002146,1.0728443,nan,3,0.0,0.0,0.0,0.0,0.0,0,0,0,0,0,1,1,0,0,0
9310320000,11.325001,11.325036,-1.0,-1.0,0.0,0.0,0.50002146,1.0728443,nan,3,0.0,0.0,0.0,0.0,0.0,0,0,0,0,0,1,1,0,0,0
9310824000,11.325001,11.325036,-1.0,-1.0,0.0,0.0,0.50002146,1.0728443,nan,3,0.0,0.0,0.0,0.0,0.0,0,0,0,0,0,1,1,0,0,0
9311328000,11.325001,11.325036,-1.0,-1.0,0.0,0.0,0.50002146,1.0728443,nan,3,0.0,0.0,0.0,0.0,0.0,0,0,0,0,0,1,1,0,0,0
9311820000,11.325001,11.325036,-1.0,-1.0,0.0,0.0,0.50002146,1.0728443,nan,3,0.0,0.0,0.0,0.0,0.0,0,0,0,0,0,1,1,0,0,0
9312324000,11.325001,11.325036,-1.0,-1.0,0.0,0.0,0.50002146,1.0728443,nan,3,0.0,0.0,0.0,0.0,0.0,0,0,0,0,0,1,1,0,0,0
9312828000,11.325001,11.325036,-1.0,-1.0,0.0,0.0,0.50002146,1.0728443,nan,3,0.0,0.0,0.0,0.0,0.0,0,0,0,0,0,1,1,0,0,0
9313320000,11.325001,11.325036,-1.0,-1.0,0.0,0.0,0.50002146,1.0728443,nan,3,0.0,0.0,0.0,0.0,0.0,0,0,0,0,0,1,1,0,0,0
9313824000,11.325001,11.325036,-1.0,-1.0,0.0,0.0,0.50002146,1.0728443,nan,3,0.0,0.0,0.0,0.0,0.0,0,0,0,0,0,1,1,0,0,0
9314328000,11.325001,11.325036,-1.0,-1.0,0.0,0.0,0.50002146,1.0728443,nan,3,0.0,0.0,0.0,0.0,0.0,0,0,0,0,0,1,1,0,0,0
9314820000,11.325001,11.325036,-1.0,-1.0,0.0,0.0,0.50002146,1.0728443,nan,3,0.0,0.0,0.0,0.0,0.0,0,0,0,0,0,1,1,0,0,0
9315324000,11.325001,11.325036,-1.0,-1.0,0.0,0.0,0.50002146,1.0728443,nan,3,0.0,0.0,0.0,0.0,0.0,0,0,0,0,0,1,1,0,0,0
9315828000,11.325001,11.325036,-1.0,-1.0,0.0,0.0,0.50002146,1.0728443,nan,3,0.0,0.0,0.0,0.0,0.0,0,0,0,0,0,1,1,0,0,0
9316320000,11.325001,11.325036,-1.0,-1.0,0.0,0.0,0.50002146,1.0728443,nan,3,0.0,0.0,0.0,0.0,0.0,0,0,0,0,0,1,1,0,0,0
9316824000,11.325001,11.325036,-1.0,-1.0,0.0,0.0,0.50002146,1.0728443,nan,3,0.0,0.0,0.0,0.0,0.0,0,0,0,0,0,1,1,0,0,0
9317328000,11.325001,11.325036,-1.0,-1.0,0.0,0.0,0.50002146,1.0728443,nan,3,0.0,0.0,0.0,0.0,0.0,0,0,0,0,0,1,1,0,0,0
9317820000,11.325001,11.325036,-1.0,-1.0,0.0,0.0,0.50002146,1.0728443,nan,3,0.0,0.0,0.0,0.0,0.0,0,0,0,0,0,1,1,0,0,0
9318324000,11.325001,11.325036,-1.0,-1.0,0.0,0.0,0.50002146,1.0728443,nan,3,0.0,0.0,0.0,0.0,0.0,0,0,0,0,0,1,1,0,0,0
9318828000,11.325001,11.325036,-1.0,-1.0,0.0,0.0,0.50002146,1.0728443,nan,3,0.0,0.0,0.0,0.0,0.0,0,0,0,0,0,1,1,0,0,0
9319320000,11.325001,11.325036,-1.0,-1.0,0.0,0.0,0.50002146,1.0728443,nan,3,0.0,0.0,0.0,0.0,0.0,0,0,0,0,0,1,1,0,0,0
9319824000,11.325001,11.325036,-1.0,-1.0,0.0,0.0,0.50002146,1.0728443,nan,3,0.0,0.0,0.0,0.0,0.0,0,0,0,0,0,1,1,0,0,0
9320328000,11.325001,11.325036,-1.0,-1.0,0.0,0.0,0.50002146,1.0728443,nan,3,0.0,0.0,0.0,0.0,0.0,0,0,0,0,0,1,1,0,0,0
9320820000,11.325001,11.325036,-1.0,-1.0,0.0,0.0,0.50002146,1.0728443,nan,3,0.0,0.0,0.0,0.0,0.0,0,0,0,0,0,1,1,0,0,0
9321324000,11.325001,11.325036,-1.0,-1.0,0.0,0.0,0.50002146,1.0728443,nan,3,0.0,0.0,0.0,0.0,0.0,0,0,0,0,0,1,1,0,0,0
9321828000,11.325001,11.325036,-1.0,-1.0,0.0,0.0,0.50002146,1.0728443,nan,3,0.0,0.0,0.0,0.0,0.0,0,0,0,0,0,1,1,0,0,0
9322320000,11.325001,11.325036,-1.0,-1.0,0.0,0.0,0.50002146,1.0728443,nan,3,0.0,0.0,0.0,0.0,0.0,0,0,0,0,0,1,1,0,0,0
9322824000,11.325001,11.325036,-1.0,-1.0,0.0,0.0,0.50002146,1.0728443,nan,3,0.0,0.0,0.0,0.0,0.0,0,0,0,0,0,1,1,0,0,0
9323328000,11.325001,11.325036,-1.0,-1.0,0.0,0.0,0.50002146,1.0728443,nan,3,0.0,0.0,0.0,0.0,0.0,0,0,0,0,0,1,1,0,0,0
9323820000,11.325001,11.325036,-1.0,-1.0,0.0,0.0,0.50002146,1.0728443,nan,3,0.0,0.0,0.0,0.0,0.0,0,0,0,0,0,1,1,0,0,0
9324324000,11.325001,11.325036,-1.0,-1.0,0.0,0.0,0.50002146,1.0728443,nan,3,0.0,0.0,0.0,0.0,0.0,0,0,0,0,0,1,1,0,0,0
9324828000,11.325001,11.325036,-1.0,-1.0,0.0,0.0,0.50002146,1.0728443,nan,3,0.0,0.0,0.0,0.0,0.0,0,0,0,0,0,1,1,0,0,0
9325320000,11.325001,11.325036,-1.0,-1.0,0.0,0.0,0.50002146,1.0728443,nan,3,0.0,0.0,0.0,0.0,0.0,0,0,0,0,0,1,1,0,0,0
9325824000,11.325001,11.325036,-1.0,-1.0,0.0,0.0,0.50002146,1.0728443,nan,3,0.0,0.0,0.0,0.0,0.0,0,0,0,0,0,1,1,0,0,0
9326328000,11.325001,11.325036,-1.0,-1.0,0.0,0.0,0.50002146,1.0728443,nan,3,0.0,0.0,0.0,0.0,0.0,0,0,0,0,0,1,1,0,0,0
9326820000,11.325001,11.325036,-1.0,-1.0,0.0,0.0,0.50002146,1.0728443,nan,3,0.0,0.0,0.0,0.0,0.0,0,0,0,0,0,1,1,0,0,0
9327324000,11.325001,11.325036,-1.0,-1.0,0.0,0.0,0.50002146,1.0728443,nan,3,0.0,0.0,0.0,0.0,0.0,0,0,0,0,0,1,1,0,0,0
9327828000,11.325001,11.325036,-1.0,-1.0,0.0,0.0,0.50002146,1.0728443,nan,3,0.0,0.0,0.0,0.0,0.0,0,0,0,0,0,1,1,0,0,0
9328320000,11.325001,11.325036,-1.0,-1.0,0.0,0.0,0.50002146,1.0728443,nan,3,0.0,0.0,0.0,0.0,0.0,0,0,0,0,0,1,1,0,0,0
9328824000,11.325001,11.325036,-1.0,-1.0,0.0,0.0,0.50002146,1.0728443,nan,3,0.0,0.0,0.0,0.0,0.0,0,0,0,0,0,1,1,0,0,0
9329328000,11.325001,11.325036,-1.0,-1.0,0.0,0.0,0.50002146,1.0728443,nan,3,0.0,0.0,0.0,0.0,0.0,0,0,0,0,0,1,1,0,0,0
9329820000,11.325001,11.325036,-1.0,-1.0,0.0,0.0,0.50002146,1.0728443,nan,3,0.0,0.0,0.0,0.0,0.0,0,0,0,0,0,1,1,0,0,0
9330324000,11.325001,11.325036,-1.0,-1.0,0.0,0.0,0.50002146,1.0728443,nan,3,0.0,0.0,0.0,0.0,0.0,0,0,0,0,0,1,1,0,0,0
9330828000,11.325001,11.325036,-1.0,-1.0,0.0,0.0,0.50002146,1.0728443,nan,3,0.0,0.0,0.0,0.0,0.0,0,0,0,0,0,1,1,0,0,0
9331320000,11.325001,11.325036,-1.0,-1.0,0.0,0.0,0.50002146,1.0728443,nan,3,0.0,0.0,0.0,0.0,0.0,0,0,0,0,0,1,1,0,0,0
9331824000,11.325001,11.325036,-1.0,-1.0,0.0,0.0,0.50002146,1.0728443,nan,3,0.0,0.0,0.0,0.0,0.0,0,0,0,0,0,1,1,0,0,0
9332328000,11.325001,11.325036,-1.0,-1.0,0.0,0.0,0.50002146,1.0728443,nan,3,0.0,0.0,0.0,0.0,0.0,0,0,0,0,0,1,1,0,0,0
9332820000,11.325001,11.325036,-1.0,-1.0,0.0,0.0,0.50002146,1.0728443,nan,3,0.0,0.0,0.0,0.0,0.0,0,0,0,0,0,1,1,0,0,0
9333324000,11.325001,11.325036,-1.0,-1.0,0.0,0.0,0.50002146,1.0728443,nan,3,0.0,0.0,0.0,0.0,0.0,0,0,0,0,0,1,1,0,0,0
9333828000,11.325001,11.325036,-1.0,-1.0,0.0,0.0,0.50002146,1.0728443,nan,3,0.0,0.0,0.0,0.0,0.0,0,0,0,0,0,1,1,0,0,0
9334320000,11.325001,11.325036,-1.0,-1.0,0.0,0.0,0.50002146,1.0728443,nan,3,0.0,0.0,0.0,0.0,0.0,0,0,0,0,0,1,1,0,0,0
9334824000,11.325001,11.325036,-1.0,-1.0,0.0,0.0,0.50002146,1.0728443,nan,3,0.0,0.0,0.0,0.0,0.0,0,0,0,0,0,1,1,0,0,0
9335328000,11.325001,11.325036,-1.0,-1.0,0.0,0.0,0.50002146,1.0728443,nan,3,0.0,0.0,0.0,0.0,0.0,0,0,0,0,0,1,1,0,0,0
9335820000,11.325001,11.325036,-1.0,-1.0,0.0,0.0,0.50002146,1.0728443,nan,3,0.0,0.0,0.0,0.0,0.0,0,0,0,0,0,1,1,0,0,0
9336324000,11.325001,11.325036,-1.0,-1.0,0.0,0.0,0.50002146,1.0728443,nan,3,0.0,0.0,0.0,0.0,0.0,0,0,0,0,0,1,1,0,0,0
9336828000,11.325001,11.325036,-1.0,-1.0,0.0,0.0,0.50002146,1.0728443,nan,3,0.0,0.0,0.0,0.0,0.0,0,0,0,0,0,1,1,0,0,0
9337320000,11.325001,11.325036,-1.0,-1.0,0.0,0.0,0.50002146,1.0728443,nan,3,0.0,0.0,0.0,0.0,0.0,0,0,0,0,0,1,1,0,0,0
9337824000,11.325001,11.325036,-1.0,-1.0,0.0,0.0,0.50002146,1.0728443,nan,3,0.0,0.0,0.0,0.0,0.0,0,0,0,0,0,1,1,0,0,0
9338328000,11.325001,11.325036,-1.0,-1.0,0.0,0.0,0.50002146,1.0728443,nan,3,0.0,0.0,0.0,0.0,0.0,0,0,0,0,0,1,1,0,0,0
9338820000,11.325001,11.325036,-1.0,-1.0,0.0,0.0,0.50002146,1.0728443,nan,3,0.0,0.0,0.0,0.0,0.0,0,0,0,0,0,1,1,0,0,0
9339324000,11.325001,11.325036,-1.0,-1.0,0.0,0.0,0.50002146,1.0728443,nan,3,0.0,0.0,0.0,0.0,0.0,0,0,0,0,0,1,1,0,0,0
9339828000,11.325001,11.325036,-1.0,-1.0,0.0,0.0,0.50002146,1.0728443,nan,3,0.0,0.0,0.0,0.0,0.0,0,0,0,0,0,1,1,0,0,0
9340320000,11.325001,11.325036,-1.0,-1.0,0.0,0.0,0.50002146,1.0728443,nan,3,0.0,0.0,0.0,0.0,0.0,0,0,0,0,0,1,1,0,0,0
9340824000,11.325001,11.325036,-1.0,-1.0,0.0,0.0,0.50002146,1.0728443,nan,3,0.0,0.0,0.0,0.0,0.0,0,0,0,0,0,1,1,0,0,0
9341328000,11.325001,11.325036,-1.0,-1.0,0.0,0.0,0.50002146,1.0728443,nan,3,0.0,0.0,0.0,0.0,0.0,0,0,0,0,0,1,1,0,0,0
9341820000,11.325001,11.325036,-1.0,-1.0,0.0,0.0,0.50002146,1.0728443,nan,3,0.0,0.0,0.0,0.0,0.0,0,0,0,0,0,1,1,0,0,0
9342324000,11.325001,11.325036,-1.0,-1.0,0.0,0.0,0.50002146,1.0728443,nan,3,0.0,0.0,0.0,0.0,0.0,0,0,0,0,0,1,1,0,0,0
9342828000,11.325001,11.325036,-1.0,-1.0,0.0,0.0,0.50002146,1.0728443,nan,3,0.0,0.0,0.0,0.0,0.0,0,0,0,0,0,1,1,0,0,0
9343320000,11.325001,11.325036,-1.0,-1.0,0.0,0.0,0.50002146,1.0728443,nan,3,0.0,0.0,0.0,0.0,0.0,0,0,0,0,0,1,1,0,0,0
9343824000,11.325001,11.325036,-1.0,-1.0,0.0,0.0,0.50002146,1.0728443,nan,3,0.0,0.0,0.0,0.0,0.0,0,0,0,0,0,1,1,0,0,0
9344328000,11.325001,11.325036,-1.0,-1.0,0.0,0.0,0.50002146,1.0728443,nan,3,0.0,0.0,0.0,0.0,0.0,0,0,0,0,0,1,1,0,0,0
9344820000,11.325001,11.325036,-1.0,-1.0,0.0,0.0,0.50002146,1.0728443,nan,3,0.0,0.0,0.0,0.0,0.0,0,0,0,0,0,1,1,0,0,0
9345324000,11.325001,11.325036,-1.0,-1.0,0.0,0.0,0.50002146,1.0728443,nan,3,0.0,0.0,0.0,0.0,0.0,0,0,0,0,0,1,1,0,0,0
9345828000,11.325001,11.325036,-1.0,-1.0,0.0,0.0,0.50002146,1.0728443,nan,3,0.0,0.0,0.0,0.0,0.0,0,0,0,0,0,1,1,0,0,0
9346320000,11.325001,11.325036,-1.0,-1.0,0.0,0.0,0.50002146,1.0728443,nan,3,0.0,0.0,0.0,0.0,0.0,0,0,0,0,0,1,1,0,0,0
9346824000,11.325001,11.325036,-1.0,-1.0,0.0,0.0,0.50002146,1.0728443,nan,3,0.0,0.0,0.0,0.0,0.0,0,0,0,0,0,1,1,0,0,0
9347328000,11.325001,11.325036,-1.0,-1.0,0.0,0.0,0.50002146,1.0728443,nan,3,0.0,0.0,0.0,0.0,0.0,0,0,0,0,0,1,1,0,0,0
9347820000,11.325001,11.325036,-1.0,-1.0,0.0,0.0,0.50002146,1.0728443,nan,3,0.0,0.0,0.0,0.0,0.0,0,0,0,0,0,1,1,0,0,0
9348324000,11.325001,11.325036,-1.0,-1.0,0.0,0.0,0.50002146,1.0728443,nan,3,0.0,0.0,0.0,0.0,0.0,0,0,0,0,0,1,1,0,0,0
9348828000,11.325001,11.325036,-1.0,-1.0,0.0,0.0,0.50002146,1.0728443,nan,3,0.0,0.0,0.0,0.0,0.0,0,0,0,0,0,1,1,0,0,0
9349320000,11.325001,11.325036,-1.0,-1.0,0.0,0.0,0.50002146,1.0728443,nan,3,0.0,0.0,0.0,0.0,0.0,0,0,0,0,0,1,1,0,0,0
9349824000,11.325001,11.325036,-1.0,-1.0,0.0,0.0,0.50002146,1.0728443,nan,3,0.0,0.0,0.0,0.0,0.0,0,0,0,0,0,1,1,0,0,0
9350328000,11.325001,11.325036,-1.0,-1.0,0.0,0.0,0.50002146,1.0728443,nan,3,0.0,0.0,0.0,0.0,0.0,0,0,0,0,0,1,1,0,0,0
9350820000,11.325001,11.325036,-1.0,-1.0,0.0,0.0,0.50002146,1.0728443,nan,3,0.0,0.0,0.0,0.0,0.0,0,0,0,0,0,1,1,0,0,0
9351324000,11.325001,11.325036,-1.0,-1.0,0.0,0.0,0.50002146,1.0728443,nan,3,0.0,0.0,0.0,0.0,0.0,0,0,0,0,0,1,1,0,0,0
9351828000,11.325001,11.325036,-1.0,-1.0,0.0,0.0,0.50002146,1.0728443,nan,3,0.0,0.0,0.0,0.0,0.0,0,0,0,0,0,1,1,0,0,0
9352320000,11.325001,11.325036,-1.0,-1.0,0.0,0.0,0.50002146,1.0728443,nan,3,0.0,0.0,0.0,0.0,0.0,0,0,0,0,0,1,1,0,0,0
9352824000,11.325001,11.325036,-1.0,-1.0,0.0,0.0,0.50002146,1.0728443,nan,3,0.0,0.0,0.0,0.0,0.0,0,0,0,0,0,1,1,0,0,0
9353328000,11.325001,11.325036,-1.0,-1.0,0.0,0.0,0.50002146,1.0728443,nan,3,0.0,0.0,0.0,0.0,0.0,0,0,0,0,0,1,1,0,0,0
9353820000,11.325001,11.325036,-1.0,-1.0,0.0,0.0,0.50002146,1.0728443,nan,3,0.0,0.0,0.0,0.0,0.0,0,0,0,0,0,1,1,0,0,0
9354324000,11.325001,11.325036,-1.0,-1.0,0.0,0.0,0.50002146,1.0728443,nan,3,0.0,0.0,0.0,0.0,0.0,0,0,0,0,0,1,1,0,0,0
9354828000,11.325001,11.325036,-1.0,-1.0,0.0,0.0,0.50002146,1.0728443,nan,3,0.0,0.0,0.0,0.0,0.0,0,0,0,0,0,1,1,0,0,0
9355320000,11.325001,11.325036,-1.0,-1.0,0.0,0.0,0.50002146,1.0728443,nan,3,0.0,0.0,0.0,0.0,0.0,0,0,0,0,0,1,1,0,0,0
9355824000,11.325001,11.325036,-1.0,-1.0,0.0,0.0,0.50002146,1.0728443,nan,3,0.0,0.0,0.0,0.0,0.0,0,0,0,0,0,1,1,0,0,0
9356328000,11.325001,11.325036,-1.0,-1.0,0.0,0.0,0.50002146,1.0728443,nan,3,0.0,0.0,0.0,0.0,0.0,0,0,0,0,0,1,1,0,0,0
9356820000,11.325001,11.325036,-1.0,-1.0,0.0,0.0,0.50002146,1.0728443,nan,3,0.0,0.0,0.0,0.0,0.0,0,0,0,0,0,1,1,0,0,0
9357324000,11.325001,11.325036,-1.0,-1.0,0.0,0.0,0.50002146,1.0728443,nan,3,0.0,0.0,0.0,0.0,0.0,0,0,0,0,0,1,1,0,0,0
9357828000,11.325001,11.325036,-1.0,-1.0,0.0,0.0,0.50002146,1.0728443,nan,3,0.0,0.0,0.0,0.0,0.0,0,0,0,0,0,1,1,0,0,0
9358320000,11.325001,11.325036,-1.0,-1.0,0.0,0.0,0.50002146,1.0728443,nan,3,0.0,0.0,0.0,0.0,0.0,0,0,0,0,0,1,1,0,0,0
9358824000,11.325001,11.325036,-1.0,-1.0,0.0,0.0,0.50002146,1.0728443,nan,3,0.0,0.0,0.0,0.0,0.0,0,0,0,0,0,1,1,0,0,0
9359328000,11.325001,11.325036,-1.0,-1.0,0.0,0.0,0.50002146,1.0728443,nan,3,0.0,0.0,0.0,0.0,0.0,0,0,0,0,0,1,1,0,0,0
9359820000,11.325001,11.325036,-1.0,-1.0,0.0,0.0,0.50002146,1.0728443,nan,3,0.0,0.0,0.0,0.0,0.0,0,0,0,0,0,1,1,0,0,0
9360324000,11.325001,11.325036,-1.0,-1.0,0.0,0.0,0.50002146,1.0728443,nan,3,0.0,0.0,0.0,0.0,0.0,0,0,0,0,0,1,1,0,0,0
9360828000,11.325001,11.325036,-1.0,-1.0,0.0,0.0,0.50002146,1.0728443,nan,3,0.0,0.0,0.0,0.0,0.0,0,0,0,0,0,1,1,0,0,0
9361320000,11.325001,11.325036,-1.0,-1.0,0.0,0.0,0.50002146,1.0728443,nan,3,0.0,0.0,0.0,0.0,0.0,0,0,0,0,0,1,1,0,0,0
9361824000,11.325001,11.325036,-1.0,-1.0,0.0,0.0,0.50002146,1.0728443,nan,3,0.0,0.0,0.0,0.0,0.0,0,0,0,0,0,1,1,0,0,0
9362328000,11.325001,11.325036,-1.0,-1.0,0.0,0.0,0.50002146,1.0728443,nan,3,0.0,0.0,0.0,0.0,0.0,0,0,0,0,0,1,1,0,0,0
9362820000,11.325001,11.325036,-1.0,-1.0,0.0,0.0,0.50002146,1.0728443,nan,3,0.0,0.0,0.0,0.0,0.0,0,0,0,0,0,1,1,0,0,0
9363324000,11.325001,11.325036,-1.0,-1.0,0.0,0.0,0.50002146,1.0728443,nan,3,0.0,0.0,0.0,0.0,0.0,0,0,0,0,0,1,1,0,0,0
9363828000,11.325001,11.325036,-1.0,-1.0,0.0,0.0,0.50002146,1.0728443,nan,3,0.0,0.0,0.0,0.0,0.0,0,0,0,0,0,1,1,0,0,0
9364320000,11.325001,11.325036,-1.0,-1.0,0.0,0.0,0.50002146,1.0728443,nan,3,0.0,0.0,0.0,0.0,0.0,0,0,0,0,0,1,1,0,0,0
9364824000,11.325001,11.325036,-1.0,-1.0,0.0,0.0,0.50002146,1.0728443,nan,3,0.0,0.0,0.0,0.0,0.0,0,0,0,0,0,1,1,0,0,0
9365328000,11.325001,11.325036,-1.0,-1.0,0.0,0.0,0.50002146,1.0728443,nan,3,0.0,0.0,0.0,0.0,0.0,0,0,0,0,0,1,1,0,0,0
9365820000,11.325001,11.325036,-1.0,-1.0,0.0,0.0,0.50002146,1.0728443,nan,3,0.0,0.0,0.0,0.0,0.0,0,0,0,0,0,1,1,0,0,0
9366324000,11.325001,11.325036,-1.0,-1.0,0.0,0.0,0.50002146,1.0728443,nan,3,0.0,0.0,0.0,0.0,0.0,0,0,0,0,0,1,1,0,0,0
9366828000,11.325001,11.325036,-1.0,-1.0,0.0,0.0,0.50002146,1.0728443,nan,3,0.0,0.0,0.0,0.0,0.0,0,0,0,0,0,1,1,0,0,0
9367320000,11.325001,11.325036,-1.0,-1.0,0.0,0.0,0.50002146,1.0728443,nan,3,0.0,0.0,0.0,0.0,0.0,0,0,0,0,0,1,1,0,0,0
9367824000,11.325001,11.325036,-1.0,-1.0,0.0,0.0,0.50002146,1.0728443,nan,3,0.0,0.0,0.0,0.0,0.0,0,0,0,0,0,1,1,0,0,0
9368328000,11.325001,11.325036,-1.0,-1.0,0.0,0.0,0.50002146,1.0728443,nan,3,0.0,0.0,0.0,0.0,0.0,0,0,0,0,0,1,1,0,0,0
9368820000,11.325001,11.325036,-1.0,-1.0,0.0,0.0,0.50002146,1.0728443,nan,3,0.0,0.0,0.0,0.0,0.0,0,0,0,0,0,1,1,0,0,0
9369324000,11.325001,11.325036,-1.0,-1.0,0.0,0.0,0.50002146,1.0728443,nan,3,0.0,0.0,0.0,0.0,0.0,0,0,0,0,0,1,1,0,0,0
9369828000,11.325001,11.325036,-1.0,-1.0,0.0,0.0,0.50002146,1.0728443,nan,3,0.0,0.0,0.0,0.0,0.0,0,0,0,0,0,1,1,0,0,0
9370320000,11.325001,11.325036,-1.0,-1.0,0.0,0.0,0.50002146,1.0728443,nan,3,0.0,0.0,0.0,0.0,0.0,0,0,0,0,0,1,1,0,0,0
9370824000,11.325001,11.325036,-1.0,-1.0,0.0,0.0,0.50002146,1.0728443,nan,3,0.0,0.0,0.0,0.0,0.0,0,0,0,0,0,1,1,0,0,0
9371328000,11.325001,11.325036,-1.0,-1.0,0.0,0.0,0.50002146,1.0728443,nan,3,0.0,0.0,0.0,0.0,0.0,0,0,0,0,0,1,1,0,0,0
9371820000,11.325001,11.325036,-1.0,-1.0,0.0,0.0,0.50002146,1.0728443,nan,3,0.0,0.0,0.0,0.0,0.0,0,0,0,0,0,1,1,0,0,0
9372324000,11.325001,11.325036,-1.0,-1.0,0.0,0.0,0.50002146,1.0728443,nan,3,0.0,0.0,0.0,0.0,0.0,0,0,0,0,0,1,1,0,0,0
9372828000,11.325001,11.325036,-1.0,-1.0,0.0,0.0,0.50002146,1.0728443,nan,3,0.0,0.0,0.0,0.0,0.0,0,0,0,0,0,1,1,0,0,0
9373320000,11.325001,11.325036,-1.0,-1.0,0.0,0.0,0.50002146,1.0728443,nan,3,0.0,0.0,0.0,0.0,0.0,0,0,0,0,0,1,1,0,0,0
9373824000,11.325001,11.325036,-1.0,-1.0,0.0,0.0,0.50002146,1.0728443,nan,3,0.0,0.0,0.0,0.0,0.0,0,0,0,0,0,1,1,0,0,0
9374328000,11.325001,11.325036,-1.0,-1.0,0.0,0.0,0.50002146,1.0728443,nan,3,0.0,0.0,0.0,0.0,0.0,0,0,0,0,0,1,1,0,0,0
9374820000,11.325001,11.325036,-1.0,-1.0,0.0,0.0,0.50002146,1.0728443,nan,3,0.0,0.0,0.0,0.0,0.0,0,0,0,0,0,1,1,0,0,0
9375324000,11.325001,11.325036,-1.0,-1.0,0.0,0.0,0.50002146,1.0728443,nan,3,0.0,0.0,0.0,0.0,0.0,0,0,0,0,0,1,1,0,0,0
9375828000,11.325001,11.325036,-1.0,-1.0,0.0,0.0,0.50002146,1.0728443,nan,3,0.0,0.0,0.0,0.0,0.0,0,0,0,0,0,1,1,0,0,0
9376320000,11.325001,11.325036,-1.0,-1.0,0.0,0.0,0.50002146,1.0728443,nan,3,0.0,0.0,0.0,0.0,0.0,0,0,0,0,0,1,1,0,0,0
9376824000,11.325001,11.325036,-1.0,-1.0,0.0,0.0,0.50002146,1.0728443,nan,3,0.0,0.0,0.0,0.0,0.0,0,0,0,0,0,1,1,0,0,0
9377328000,11.325001,11.325036,-1.0,-1.0,0.0,0.0,0.50002146,1.0728443,nan,3,0.0,0.0,0.0,0.0,0.0,0,0,0,0,0,1,1,0,0,0
9377820000,11.325001,11.325036,-1.0,-1.0,0.0,0.0,0.50002146,1.0728443,nan,3,0.0,0.0,0.0,0.0,0.0,0,0,0,0,0,1,1,0,0,0
9378324000,11.325001,11.325036,-1.0,-1.0,0.0,0.0,0.50002146,1.0728443,nan,3,0.0,0.0,0.0,0.0,0.0,0,0,0,0,0,1,1,0,0,0
9378828000,11.325001,11.325036,-1.0,-1.0,0.0,0.0,0.50002146,1.0728443,nan,3,0.0,0.0,0.0,0.0,0.0,0,0,0,0,0,1,1,0,0,0
9379320000,11.325001,11.325036,-1.0,-1.0,0.0,0.0,0.50002146,1.0728443,nan,3,0.0,0.0,0.0,0.0,0.0,0,0,0,0,0,1,1,0,0,0
9379824000,11.325001,11.325036,-1.0,-1.0,0.0,0.0,0.50002146,1.0728443,nan,3,0.0,0.0,0.0,0.0,0.0,0,0,0,0,0,1,1,0,0,0
9380328000,11.325001,11.325036,-1.0,-1.0,0.0,0.0,0.50002146,1.0728443,nan,3,0.0,0.0,0.0,0.0,0.0,0,0,0,0,0,1,1,0,0,0
9380820000,11.325001,11.325036,-1.0,-1.0,0.0,0.0,0.50002146,1.0728443,nan,3,0.0,0.0,0.0,0.0,0.0,0,0,0,0,0,1,1,0,0,0
9381324000,11.325001,11.325036,-1.0,-1.0,0.0,0.0,0.50002146,1.0728443,nan,3,0.0,0.0,0.0,0.0,0.0,0,0,0,0,0,1,1,0,0,0
9381828000,11.325001,11.325036,-1.0,-1.0,0.0,0.0,0.50002146,1.0728443,nan,3,0.0,0.0,0.0,0.0,0.0,0,0,0,0,0,1,1,0,0,0
9382320000,11.325001,11.325036,-1.0,-1.0,0.0,0.0,0.50002146,1.0728443,nan,3,0.0,0.0,0.0,0.0,0.0,0,0,0,0,0,1,1,0,0,0
9382824000,11.325001,11.325036,-1.0,-1.0,0.0,0.0,0.50002146,1.0728443,nan,3,0.0,0.0,0.0,0.0,0.0,0,0,0,0,0,1,1,0,0,0
9383328000,11.325001,11.325036,-1.0,-1.0,0.0,0.0,0.50002146,1.0728443,nan,3,0.0,0.0,0.0,0.0,0.0,0,0,0,0,0,1,1,0,0,0
9383820000,11.325001,11.325036,-1.0,-1.0,0.0,0.0,0.50002146,1.0728443,nan,3,0.0,0.0,0.0,0.0,0.0,0,0,0,0,0,1,1,0,0,0
9384324000,11.325001,11.325036,-1.0,-1.0,0.0,0.0,0.50002146,1.0728443,nan,3,0.0,0.0,0.0,0.0,0.0,0,0,0,0,0,1,1,0,0,0
9384828000,11.325001,11.325036,-1.0,-1.0,0.0,0.0,0.50002146,1.0728443,nan,3,0.0,0.0,0.0,0.0,0.0,0,0,0,0,0,1,1,0,0,0
9385320000,11.325001,11.325036,-1.0,-1.0,0.0,0.0,0.50002146,1.0728443,nan,3,0.0,0.0,0.0,0.0,0.0,0,0,0,0,0,1,1,0,0,0
9385824000,11.325001,11.325036,-1.0,-1.0,0.0,0.0,0.50002146,1.0728443,nan,3,0.0,0.0,0.0,0.0,0.0,0,0,0,0,0,1,1,0,0,0
9386328000,11.325001,11.325036,-1.0,-1.0,0.0,0.0,0.50002146,1.0728443,nan,3,0.0,0.0,0.0,0.0,0.0,0,0,0,0,0,1,1,0,0,0
9386820000,11.325001,11.325036,-1.0,-1.0,0.0,0.0,0.50002146,1.0728443,nan,3,0.0,0.0,0.0,0.0,0.0,0,0,0,0,0,1,1,0,0,0
9387324000,11.325001,11.325036,-1.0,-1.0,0.0,0.0,0.50002146,1.0728443,nan,3,0.0,0.0,0.0,0.0,0.0,0,0,0,0,0,1,1,0,0,0
9387828000,11.325001,11.325036,-1.0,-1.0,0.0,0.0,0.50002146,1.0728443,nan,3,0.0,0.0,0.0,0.0,0.0,0,0,0,0,0,1,1,0,0,0
9388320000,11.325001,11.325036,-1.0,-1.0,0.0,0.0,0.50002146,1.0728443,nan,3,0.0,0.0,0.0,0.0,0.0,0,0,0,0,0,1,1,0,0,0
9388824000,11.325001,11.325036,-1.0,-1.0,0.0,0.0,0.50002146,1.0728443,nan,3,0.0,0.0,0.0,0.0,0.0,0,0,0,0,0,1,1,0,0,0
9389316000,11.325001,11.325036,-1.0,-1.0,0.0,0.0,0.50002146,1.0728443,nan,3,0.0,0.0,0.0,0.0,0.0,0,0,0,0,0,1,1,0,0,0
9389820000,11.325001,11.325036,-1.0,-1.0,0.0,0.0,0.50002146,1.0728443,nan,3,0.0,0.0,0.0,0.0,0.0,0,0,0,0,0,1,1,0,0,0
9390324000,11.325001,11.325036,-1.0,-1.0,0.0,0.0,0.50002146,1.0728443,nan,3,0.0,0.0,0.0,0.0,0.0,0,0,0,0,0,1,1,0,0,0
9390828000,11.325001,11.325036,-1.0,-1.0,0.0,0.0,0.50002146,1.0728443,nan,3,0.0,0.0,0.0,0.0,0.0,0,0,0,0,0,1,1,0,0,0
9391320000,11.325001,11.325036,-1.0,-1.0,0.0,0.0,0.50002146,1.0728443,nan,3,0.0,0.0,0.0,0.0,0.0,0,0,0,0,0,1,1,0,0,0
9391824000,11.325001,11.325036,-1.0,-1.0,0.0,0.0,0.50002146,1.0728443,nan,3,0.0,0.0,0.0,0.0,0.0,0,0,0,0,0,1,1,0,0,0
9392328000,11.325001,11.325036,-1.0,-1.0,0.0,0.0,0.50002146,1.0728443,nan,3,0.0,0.0,0.0,0.0,0.0,0,0,0,0,0,1,1,0,0,0
9392820000,11.325001,11.325036,-1.0,-1.0,0.0,0.0,0.50002146,1.0728443,nan,3,0.0,0.0,0.0,0.0,0.0,0,0,0,0,0,1,1,0,0,0
9393324000,11.325001,11.325036,-1.0,-1.0,0.0,0.0,0.50002146,1.0728443,nan,3,0.0,0.0,0.0,0.0,0.0,0,0,0,0,0,1,1,0,0,0
9393828000,11.325001,11.325036,-1.0,-1.0,0.0,0.0,0.50002146,1.0728443,nan,3,0.0,0.0,0.0,0.0,0.0,0,0,0,0,0,1,1,0,0,0
9394320000,11.325001,11.325036,-1.0,-1.0,0.0,0.0,0.50002146,1.0728443,nan,3,0.0,0.0,0.0,0.0,0.0,0,0,0,0,0,1,1,0,0,0
9394824000,11.325001,11.325036,-1.0,-1.0,0.0,0.0,0.50002146,1.0728443,nan,3,0.0,0.0,0.0,0.0,0.0,0,0,0,0,0,1,1,0,0,0
9395328000,11.325001,11.325036,-1.0,-1.0,0.0,0.0,0.50002146,1.0728443,nan,3,0.0,0.0,0.0,0.0,0.0,0,0,0,0,0,1,1,0,0,0
9395820000,11.325001,11.325036,-1.0,-1.0,0.0,0.0,0.50002146,1.0728443,nan,3,0.0,0.0,0.0,0.0,0.0,0,0,0,0,0,1,1,0,0,0
9396324000,11.325001,11.325036,-1.0,-1.0,0.0,0.0,0.50002146,1.0728443,nan,3,0.0,0.0,0.0,0.0,0.0,0,0,0,0,0,1,1,0,0,0
9396828000,11.325001,11.325036,-1.0,-1.0,0.0,0.0,0.50002146,1.0728443,nan,3,0.0,0.0,0.0,0.0,0.0,0,0,0,0,0,1,1,0,0,0
9397320000,11.325001,11.325036,-1.0,-1.0,0.0,0.0,0.50002146,1.0728443,nan,3,0.0,0.0,0.0,0.0,0.0,0,0,0,0,0,1,1,0,0,0
9397824000,11.325001,11.325036,-1.0,-1.0,0.0,0.0,0.50002146,1.0728443,nan,3,0.0,0.0,0.0,0.0,0.0,0,0,0,0,0,1,1,0,0,0
9398328000,11.325001,11.325036,-1.0,-1.0,0.0,0.0,0.50002146,1.0728443,nan,3,0.0,0.0,0.0,0.0,0.0,0,0,0,0,0,1,1,0,0,0
9398820000,11.325001,11.325036,-1.0,-1.0,0.0,0.0,0.50002146,1.0728443,nan,3,0.0,0.0,0.0,0.0,0.0,0,0,0,0,0,1,1,0,0,0
9399324000,11.325001,11.325036,-1.0,-1.0,0.0,0.0,0.50002146,1.0728443,nan,3,0.0,0.0,0.0,0.0,0.0,0,0,0,0,0,1,1,0,0,0
9399816000,11.325001,11.325036,-1.0,-1.0,0.0,0.0,0.50002146,1.0728443,nan,3,0.0,0.0,0.0,0.0,0.0,0,0,0,0,0,1,1,0,0,0
9400320000,11.325001,11.325036,-1.0,-1.0,0.0,0.0,0.50002146,1.0728443,nan,3,0.0,0.0,0.0,0.0,0.0,0,0,0,0,0,1,1,0,0,0
9400824000,11.325001,11.325036,-1.0,-1.0,0.0,0.0,0.50002146,1.0728443,nan,3,0.0,0.0,0.0,0.0,0.0,0,0,0,0,0,1,1,0,0,0
9401328000,11.325001,11.325036,-1.0,-1.0,0.0,0.0,0.50002146,1.0728443,nan,3,0.0,0.0,0.0,0.0,0.0,0,0,0,0,0,1,1,0,0,0
9401820000,11.325001,11.325036,-1.0,-1.0,0.0,0.0,0.50002146,1.0728443,nan,3,0.0,0.0,0.0,0.0,0.0,0,0,0,0,0,1,1,0,0,0
9402324000,11.325001,11.325036,-1.0,-1.0,0.0,0.0,0.50002146,1.0728443,nan,3,0.0,0.0,0.0,0.0,0.0,0,0,0,0,0,1,1,0,0,0
9402828000,11.325001,11.325036,-1.0,-1.0,0.0,0.0,0.50002146,1.0728443,nan,3,0.0,0.0,0.0,0.0,0.0,0,0,0,0,0,1,1,0,0,0
9403320000,11.325001,11.325036,-1.0,-1.0,0.0,0.0,0.50002146,1.0728443,nan,3,0.0,0.0,0.0,0.0,0.0,0,0,0,0,0,1,1,0,0,0
9403824000,11.325001,11.325036,-1.0,-1.0,0.0,0.0,0.50002146,1.0728443,nan,3,0.0,0.0,0.0,0.0,0.0,0,0,0,0,0,1,1,0,0,0
9404328000,11.325001,11.325036,-1.0,-1.0,0.0,0.0,0.50002146,1.0728443,nan,3,0.0,0.0,0.0,0.0,0.0,0,0,0,0,0,1,1,0,0,0
9404820000,11.325001,11.325036,-1.0,-1.0,0.0,0.0,0.50002146,1.0728443,nan,3,0.0,0.0,0.0,0.0,0.0,0,0,0,0,0,1,1,0,0,0
9405324000,11.325001,11.325036,-1.0,-1.0,0.0,0.0,0.50002146,1.0728443,nan,3,0.0,0.0,0.0,0.0,0.0,0,0,0,0,0,1,1,0,0,0
9405828000,11.325001,11.325036,-1.0,-1.0,0.0,0.0,0.50002146,1.0728443,nan,3,0.0,0.0,0.0,0.0,0.0,0,0,0,0,0,1,1,0,0,0
9406320000,11.325001,11.325036,-1.0,-1.0,0.0,0.0,0.50002146,1.0728443,nan,3,0.0,0.0,0.0,0.0,0.0,0,0,0,0,0,1,1,0,0,0
9406824000,11.325001,11.325036,-1.0,-1.0,0.0,0.0,0.50002146,1.0728443,nan,3,0.0,0.0,0.0,0.0,0.0,0,0,0,0,0,1,1,0,0,0
9407328000,11.325001,11.325036,-1.0,-1.0,0.0,0.0,0.50002146,1.0728443,nan,3,0.0,0.0,0.0,0.0,0.0,0,0,0,0,0,1,1,0,0,0
9407820000,11.325001,11.325036,-1.0,-1.0,0.0,0.0,0.50002146,1.0728443,nan,3,0.0,0.0,0.0,0.0,0.0,0,0,0,0,0,1,1,0,0,0
9408324000,11.325001,11.325036,-1.0,-1.0,0.0,0.0,0.50002146,1.0728443,nan,3,0.0,0.0,0.0,0.0,0.0,0,0,0,0,0,1,1,0,0,0
9408828000,11.325001,11.325036,-1.0,-1.0,0.0,0.0,0.50002146,1.0728443,nan,3,0.0,0.0,0.0,0.0,0.0,0,0,0,0,0,1,1,0,0,0
9409320000,11.325001,11.325036,-1.0,-1.0,0.0,0.0,0.50002146,1.0728443,nan,3,0.0,0.0,0.0,0.0,0.0,0,0,0,0,0,1,1,0,0,0
9409824000,11.325001,11.325036,-1.0,-1.0,0.0,0.0,0.50002146,1.0728443,nan,3,0.0,0.0,0.0,0.0,0.0,0,0,0,0,0,1,1,0,0,0
9410328000,11.325001,11.325036,-1.0,-1.0,0.0,0.0,0.50002146,1.0728443,nan,3,0.0,0.0,0.0,0.0,0.0,0,0,0,0,0,1,1,0,0,0
9410820000,11.325001,11.325036,-1.0,-1.0,0.0,0.0,0.50002146,1.0728443,nan,3,0.0,0.0,0.0,0.0,0.0,0,0,0,0,0,1,1,0,0,0
9411324000,11.325001,11.325036,-1.0,-1.0,0.0,0.0,0.50002146,1.0728443,nan,3,0.0,0.0,0.0,0.0,0.0,0,0,0,0,0,1,1,0,0,0
9411828000,11.325001,11.325036,-1.0,-1.0,0.0,0.0,0.50002146,1.0728443,nan,3,0.0,0.0,0.0,0.0,0.0,0,0,0,0,0,1,1,0,0,0
9412320000,11.325001,11.325036,-1.0,-1.0,0.0,0.0,0.50002146,1.0728443,nan,3,0.0,0.0,0.0,0.0,0.0,0,0,0,0,0,1,1,0,0,0
9412824000,11.325001,11.325036,-1.0,-1.0,0.0,0.0,0.50002146,1.0728443,nan,3,0.0,0.0,0.0,0.0,0.0,0,0,0,0,0,1,1,0,0,0
9413328000,11.325001,11.325036,-1.0,-1.0,0.0,0.0,0.50002146,1.0728443,nan,3,0.0,0.0,0.0,0.0,0.0,0,0,0,0,0,1,1,0,0,0
9413820000,11.325001,11.325036,-1.0,-1.0,0.0,0.0,0.50002146,1.0728443,nan,3,0.0,0.0,0.0,0.0,0.0,0,0,0,0,0,1,1,0,0,0
9414324000,11.325001,11.325036,-1.0,-1.0,0.0,0.0,0.50002146,1.0728443,nan,3,0.0,0.0,0.0,0.0,0.0,0,0,0,0,0,1,1,0,0,0
9414828000,11.325001,11.325036,-1.0,-1.0,0.0,0.0,0.50002146,1.0728443,nan,3,0.0,0.0,0.0,0.0,0.0,0,0,0,0,0,1,1,0,0,0
9415320000,11.325001,11.325036,-1.0,-1.0,0.0,0.0,0.50002146,1.0728443,nan,3,0.0,0.0,0.0,0.0,0.0,0,0,0,0,0,1,1,0,0,0
9415824000,11.325001,11.325036,-1.0,-1.0,0.0,0.0,0.50002146,1.0728443,nan,3,0.0,0.0,0.0,0.0,0.0,0,0,0,0,0,1,1,0,0,0
9416328000,11.325001,11.325036,-1.0,-1.0,0.0,0.0,0.50002146,1.0728443,nan,3,0.0,0.0,0.0,0.0,0.0,0,0,0,0,0,1,1,0,0,0
9416820000,11.325001,11.325036,-1.0,-1.0,0.0,0.0,0.50002146,1.0728443,nan,3,0.0,0.0,0.0,0.0,0.0,0,0,0,0,0,1,1,0,0,0
9417324000,11.325001,11.325036,-1.0,-1.0,0.0,0.0,0.50002146,1.0728443,nan,3,0.0,0.0,0.0,0.0,0.0,0,0,0,0,0,1,1,0,0,0
9417828000,11.325001,11.325036,-1.0,-1.0,0.0,0.0,0.50002146,1.0728443,nan,3,0.0,0.0,0.0,0.0,0.0,0,0,0,0,0,1,1,0,0,0
9418320000,11.325001,11.325036,-1.0,-1.0,0.0,0.0,0.50002146,1.0728443,nan,3,0.0,0.0,0.0,0.0,0.0,0,0,0,0,0,1,1,0,0,0
9418824000,11.325001,11.325036,-1.0,-1.0,0.0,0.0,0.50002146,1.0728443,nan,3,0.0,0.0,0.0,0.0,0.0,0,0,0,0,0,1,1,0,0,0
9419328000,11.325001,11.325036,-1.0,-1.0,0.0,0.0,0.50002146,1.0728443,nan,3,0.0,0.0,0.0,0.0,0.0,0,0,0,0,0,1,1,0,0,0
9419820000,11.325001,11.325036,-1.0,-1.0,0.0,0.0,0.50002146,1.0728443,nan,3,0.0,0.0,0.0,0.0,0.0,0,0,0,0,0,1,1,0,0,0
9420324000,11.325001,11.325036,-1.0,-1.0,0.0,0.0,0.50002146,1.0728443,nan,3,0.0,0.0,0.0,0.0,0.0,0,0,0,0,0,1,1,0,0,0
9420828000,11.325001,11.325036,-1.0,-1.0,0.0,0.0,0.50002146,1.0728443,nan,3,0.0,0.0,0.0,0.0,0.0,0,0,0,0,0,1,1,0,0,0
9421320000,11.325001,11.325036,-1.0,-1.0,0.0,0.0,0.50002146,1.0728443,nan,3,0.0,0.0,0.0,0.0,0.0,0,0,0,0,0,1,1,0,0,0
9421824000,11.325001,11.325036,-1.0,-1.0,0.0,0.0,0.50002146,1.0728443,nan,3,0.0,0.0,0.0,0.0,0.0,0,0,0,0,0,1,1,0,0,0
9422328000,11.325001,11.325036,-1.0,-1.0,0.0,0.0,0.50002146,1.0728443,nan,3,0.0,0.0,0.0,0.0,0.0,0,0,0,0,0,1,1,0,0,0
9422820000,11.325001,11.325036,-1.0,-1.0,0.0,0.0,0.50002146,1.0728443,nan,3,0.0,0.0,0.0,0.0,0.0,0,0,0,0,0,1,1,0,0,0
9423324000,11.325001,11.325036,-1.0,-1.0,0.0,0.0,0.50002146,1.0728443,nan,3,0.0,0.0,0.0,0.0,0.0,0,0,0,0,0,1,1,0,0,0
9423828000,11.325001,11.325036,-1.0,-1.0,0.0,0.0,0.50002146,1.0728443,nan,3,0.0,0.0,0.0,0.0,0.0,0,0,0,0,0,1,1,0,0,0
9424320000,11.325001,11.325036,-1.0,-1.0,0.0,0.0,0.50002146,1.0728443,nan,3,0.0,0.0,0.0,0.0,0.0,0,0,0,0,0,1,1,0,0,0
9424824000,11.325001,11.325036,-1.0,-1.0,0.0,0.0,0.50002146,1.0728443,nan,3,0.0,0.0,0.0,0.0,0.0,0,0,0,0,0,1,1,0,0,0
9425328000,11.325001,11.325036,-1.0,-1.0,0.0,0.0,0.50002146,1.0728443,nan,3,0.0,0.0,0.0,0.0,0.0,0,0,0,0,0,1,1,0,0,0
9425820000,11.325001,11.325036,-1.0,-1.0,0.0,0.0,0.50002146,1.0728443,nan,3,0.0,0.0,0.0,0.0,0.0,0,0,0,0,0,1,1,0,0,0
9426324000,11.325001,11.325036,-1.0,-1.0,0.0,0.0,0.50002146,1.0728443,nan,3,0.0,0.0,0.0,0.0,0.0,0,0,0,0,0,1,1,0,0,0
9426828000,11.325001,11.325036,-1.0,-1.0,0.0,0.0,0.50002146,1.0728443,nan,3,0.0,0.0,0.0,0.0,0.0,0,0,0,0,0,1,1,0,0,0
9427320000,11.325001,11.325036,-1.0,-1.0,0.0,0.0,0.50002146,1.0728443,nan,3,0.0,0.0,0.0,0.0,0.0,0,0,0,0,0,1,1,0,0,0
9427824000,11.325001,11.325036,-1.0,-1.0,0.0,0.0,0.50002146,1.0728443,nan,3,0.0,0.0,0.0,0.0,0.0,0,0,0,0,0,1,1,0,0,0
9428328000,11.325001,11.325036,-1.0,-1.0,0.0,0.0,0.50002146,1.0728443,nan,3,0.0,0.0,0.0,0.0,0.0,0,0,0,0,0,1,1,0,0,0
9428820000,11.325001,11.325036,-1.0,-1.0,0.0,0.0,0.50002146,1.0728443,nan,3,0.0,0.0,0.0,0.0,0.0,0,0,0,0,0,1,1,0,0,0
9429324000,11.325001,11.325036,-1.0,-1.0,0.0,0.0,0.50002146,1.0728443,nan,3,0.0,0.0,0.0,0.0,0.0,0,0,0,0,0,1,1,0,0,0
9429828000,11.325001,11.325036,-1.0,-1.0,0.0,0.0,0.50002146,1.0728443,nan,3,0.0,0.0,0.0,0.0,0.0,0,0,0,0,0,1,1,0,0,0
9430320000,11.325001,11.325036,-1.0,-1.0,0.0,0.0,0.50002146,1.0728443,nan,3,0.0,0.0,0.0,0.0,0.0,0,0,0,0,0,1,1,0,0,0
9430824000,11.325001,11.325036,-1.0,-1.0,0.0,0.0,0.50002146,1.0728443,nan,3,0.0,0.0,0.0,0.0,0.0,0,0,0,0,0,1,1,0,0,0
9431328000,11.325001,11.325036,-1.0,-1.0,0.0,0.0,0.50002146,1.0728443,nan,3,0.0,0.0,0.0,0.0,0.0,0,0,0,0,0,1,1,0,0,0
9431820000,11.325001,11.325036,-1.0,-1.0,0.0,0.0,0.50002146,1.0728443,nan,3,0.0,0.0,0.0,0.0,0.0,0,0,0,0,0,1,1,0,0,0
9432324000,11.325001,11.325036,-1.0,-1.0,0.0,0.0,0.50002146,1.0728443,nan,3,0.0,0.0,0.0,0.0,0.0,0,0,0,0,0,1,1,0,0,0
9432828000,11.325001,11.325036,-1.0,-1.0,0.0,0.0,0.50002146,1.0728443,nan,3,0.0,0.0,0.0,0.0,0.0,0,0,0,0,0,1,1,0,0,0
9433320000,11.325001,11.325036,-1.0,-1.0,0.0,0.0,0.50002146,1.0728443,nan,3,0.0,0.0,0.0,0.0,0.0,0,0,0,0,0,1,1,0,0,0
9433824000,11.325001,11.325036,-1.0,-1.0,0.0,0.0,0.50002146,1.0728443,nan,3,0.0,0.0,0.0,0.0,0.0,0,0,0,0,0,1,1,0,0,0
9434328000,11.325001,11.325036,-1.0,-1.0,0.0,0.0,0.50002146,1.0728443,nan,3,0.0,0.0,0.0,0.0,0.0,0,0,0,0,0,1,1,0,0,0
9434820000,11.325001,11.325036,-1.0,-1.0,0.0,0.0,0.50002146,1.0728443,nan,3,0.0,0.0,0.0,0.0,0.0,0,0,0,0,0,1,1,0,0,0
9435324000,11.325001,11.325036,-1.0,-1.0,0.0,0.0,0.50002146,1.0728443,nan,3,0.0,0.0,0.0,0.0,0.0,0,0,0,0,0,1,1,0,0,0
9435828000,11.325001,11.325036,-1.0,-1.0,0.0,0.0,0.50002146,1.0728443,nan,3,0.0,0.0,0.0,0.0,0.0,0,0,0,0,0,1,1,0,0,0
9436320000,11.325001,11.325036,-1.0,-1.0,0.0,0.0,0.50002146,1.0728443,nan,3,0.0,0.0,0.0,0.0,0.0,0,0,0,0,0,1,1,0,0,0
9436824000,11.325001,11.325036,-1.0,-1.0,0.0,0.0,0.50002146,1.0728443,nan,3,0.0,0.0,0.0,0.0,0.0,0,0,0,0,0,1,1,0,0,0
9437328000,11.325001,11.325036,-1.0,-1.0,0.0,0.0,0.50002146,1.0728443,nan,3,0.0,0.0,0.0,0.0,0.0,0,0,0,0,0,1,1,0,0,0
9437820000,11.325001,11.325036,-1.0,-1.0,0.0,0.0,0.50002146,1.0728443,nan,3,0.0,0.0,0.0,0.0,0.0,0,0,0,0,0,1,1,0,0,0
9438324000,11.325001,11.325036,-1.0,-1.0,0.0,0.0,0.50002146,1.0728443,nan,3,0.0,0.0,0.0,0.0,0.0,0,0,0,0,0,1,1,0,0,0
9438828000,11.325001,11.325036,-1.0,-1.0,0.0,0.0,0.50002146,1.0728443,nan,3,0.0,0.0,0.0,0.0,0.0,0,0,0,0,0,1,1,0,0,0
9439320000,11.325001,11.325036,-1.0,-1.0,0.0,0.0,0.50002146,1.0728443,nan,3,0.0,0.0,0.0,0.0,0.0,0,0,0,0,0,1,1,0,0,0
9439824000,11.325001,11.325036,-1.0,-1.0,0.0,0.0,0.50002146,1.0728443,nan,3,0.0,0.0,0.0,0.0,0.0,0,0,0,0,0,1,1,0,0,0
9440328000,11.325001,11.325036,-1.0,-1.0,0.0,0.0,0.50002146,1.0728443,nan,3,0.0,0.0,0.0,0.0,0.0,0,0,0,0,0,1,1,0,0,0
9440820000,11.325001,11.325036,-1.0,-1.0,0.0,0.0,0.50002146,1.0728443,nan,3,0.0,0.0,0.0,0.0,0.0,0,0,0,0,0,1,1,0,0,0
9441324000,11.325001,11.325036,-1.0,-1.0,0.0,0.0,0.50002146,1.0728443,nan,3,0.0,0.0,0.0,0.0,0.0,0,0,0,0,0,1,1,0,0,0
9441828000,11.325001,11.325036,-1.0,-1.0,0.0,0.0,0.50002146,1.0728443,nan,3,0.0,0.0,0.0,0.0,0.0,0,0,0,0,0,1,1,0,0,0
9442320000,11.325001,11.325036,-1.0,-1.0,0.0,0.0,0.50002146,1.0728443,nan,3,0.0,0.0,0.0,0.0,0.0,0,0,0,0,0,1,1,0,0,0
9442824000,11.325001,11.325036,-1.0,-1.0,0.0,0.0,0.50002146,1.0728443,nan,3,0.0,0.0,0.0,0.0,0.0,0,0,0,0,0,1,1,0,0,0
9443328000,11.325001,11.325036,-1.0,-1.0,0.0,0.0,0.50002146,1.0728443,nan,3,0.0,0.0,0.0,0.0,0.0,0,0,0,0,0,1,1,0,0,0
9443820000,11.325001,11.325036,-1.0,-1.0,0.0,0.0,0.50002146,1.0728443,nan,3,0.0,0.0,0.0,0.0,0.0,0,0,0,0,0,1,1,0,0,0
9444324000,11.325001,11.325036,-1.0,-1.0,0.0,0.0,0.50002146,1.0728443,nan,3,0.0,0.0,0.0,0.0,0.0,0,0,0,0,0,1,1,0,0,0
9444828000,11.325001,11.325036,-1.0,-1.0,0.0,0.0,0.50002146,1.0728443,nan,3,0.0,0.0,0.0,0.0,0.0,0,0,0,0,0,1,1,0,0,0
9445320000,11.325001,11.325036,-1.0,-1.0,0.0,0.0,0.50002146,1.0728443,nan,3,0.0,0.0,0.0,0.0,0.0,0,0,0,0,0,1,1,0,0,0
9445824000,11.325001,11.325036,-1.0,-1.0,0.0,0.0,0.50002146,1.0728443,nan,3,0.0,0.0,0.0,0.0,0.0,0,0,0,0,0,1,1,0,0,0
9446328000,11.325001,11.325036,-1.0,-1.0,0.0,0.0,0.50002146,1.0728443,nan,3,0.0,0.0,0.0,0.0,0.0,0,0,0,0,0,1,1,0,0,0
9446820000,11.325001,11.325036,-1.0,-1.0,0.0,0.0,0.50002146,1.0728443,nan,3,0.0,0.0,0.0,0.0,0.0,0,0,0,0,0,1,1,0,0,0
9447324000,11.325001,11.325036,-1.0,-1.0,0.0,0.0,0.50002146,1.0728443,nan,3,0.0,0.0,0.0,0.0,0.0,0,0,0,0,0,1,1,0,0,0
9447828000,11.325001,11.325036,-1.0,-1.0,0.0,0.0,0.50002146,1.0728443,nan,3,0.0,0.0,0.0,0.0,0.0,0,0,0,0,0,1,1,0,0,0
9448320000,11.325001,11.325036,-1.0,-1.0,0.0,0.0,0.50002146,1.0728443,nan,3,0.0,0.0,0.0,0.0,0.0,0,0,0,0,0,1,1,0,0,0
9448824000,11.325001,11.325036,-1.0,-1.0,0.0,0.0,0.50002146,1.0728443,nan,3,0.0,0.0,0.0,0.0,0.0,0,0,0,0,0,1,1,0,0,0
9449328000,11.325001,11.325036,-1.0,-1.0,0.0,0.0,0.50002146,1.0728443,nan,3,0.0,0.0,0.0,0.0,0.0,0,0,0,0,0,1,1,0,0,0
9449820000,11.325001,11.325036,-1.0,-1.0,0.0,0.0,0.50002146,1.0728443,nan,3,0.0,0.0,0.0,0.0,0.0,0,0,0,0,0,1,1,0,0,0
9450324000,11.325001,11.325036,-1.0,-1.0,0.0,0.0,0.50002146,1.0728443,nan,3,0.0,0.0,0.0,0.0,0.0,0,0,0,0,0,1,1,0,0,0
9450828000,11.325001,11.325036,-1.0,-1.0,0.0,0.0,0.50002146,1.0728443,nan,3,0.0,0.0,0.0,0.0,0.0,0,0,0,0,0,1,1,0,0,0
9451320000,11.325001,11.325036,-1.0,-1.0,0.0,0.0,0.50002146,1.0728443,nan,3,0.0,0.0,0.0,0.0,0.0,0,0,0,0,0,1,1,0,0,0
9451824000,11.325001,11.325036,-1.0,-1.0,0.0,0.0,0.50002146,1.0728443,nan,3,0.0,0.0,0.0,0.0,0.0,0,0,0,0,0,1,1,0,0,0
9452328000,11.325001,11.325036,-1.0,-1.0,0.0,0.0,0.50002146,1.0728443,nan,3,0.0,0.0,0.0,0.0,0.0,0,0,0,0,0,1,1,0,0,0
9452820000,11.325001,11.325036,-1.0,-1.0,0.0,0.0,0.50002146,1.0728443,nan,3,0.0,0.0,0.0,0.0,0.0,0,0,0,0,0,1,1,0,0,0
9453324000,11.325001,11.325036,-1.0,-1.0,0.0,0.0,0.50002146,1.0728443,nan,3,0.0,0.0,0.0,0.0,0.0,0,0,0,0,0,1,1,0,0,0
9453828000,11.325001,11.325036,-1.0,-1.0,0.0,0.0,0.50002146,1.0728443,nan,3,0.0,0.0,0.0,0.0,0.0,0,0,0,0,0,1,1,0,0,0
9454320000,11.325001,11.325036,-1.0,-1.0,0.0,0.0,0.50002146,1.0728443,nan,3,0.0,0.0,0.0,0.0,0.0,0,0,0,0,0,1,1,0,0,0
9454824000,11.325001,11.325036,-1.0,-1.0,0.0,0.0,0.50002146,1.0728443,nan,3,0.0,0.0,0.0,0.0,0.0,0,0,0,0,0,1,1,0,0,0
9455316000,11.325001,11.325036,-1.0,-1.0,0.0,0.0,0.50002146,1.0728443,nan,3,0.0,0.0,0.0,0.0,0.0,0,0,0,0,0,1,1,0,0,0
9455820000,11.325001,11.325036,-1.0,-1.0,0.0,0.0,0.50002146,1.0728443,nan,3,0.0,0.0,0.0,0.0,0.0,0,0,0,0,0,1,1,0,0,0
9456324000,11.325001,11.325036,-1.0,-1.0,0.0,0.0,0.50002146,1.0728443,nan,3,0.0,0.0,0.0,0.0,0.0,0,0,0,0,0,1,1,0,0,0
9456828000,11.325001,11.325036,-1.0,-1.0,0.0,0.0,0.50002146,1.0728443,nan,3,0.0,0.0,0.0,0.0,0.0,0,0,0,0,0,1,1,0,0,0
9457320000,11.325001,11.325036,-1.0,-1.0,0.0,0.0,0.50002146,1.0728443,nan,3,0.0,0.0,0.0,0.0,0.0,0,0,0,0,0,1,1,0,0,0
9457824000,11.325001,11.325036,-1.0,-1.0,0.0,0.0,0.50002146,1.0728443,nan,3,0.0,0.0,0.0,0.0,0.0,0,0,0,0,0,1,1,0,0,0
9458328000,11.325001,11.325036,-1.0,-1.0,0.0,0.0,0.50002146,1.0728443,nan,3,0.0,0.0,0.0,0.0,0.0,0,0,0,0,0,1,1,0,0,0
9458820000,11.325001,11.325036,-1.0,-1.0,0.0,0.0,0.50002146,1.0728443,nan,3,0.0,0.0,0.0,0.0,0.0,0,0,0,0,0,1,1,0,0,0
9459324000,11.325001,11.325036,-1.0,-1.0,0.0,0.0,0.50002146,1.0728443,nan,3,0.0,0.0,0.0,0.0,0.0,0,0,0,0,0,1,1,0,0,0
9459828000,11.325001,11.325036,-1.0,-1.0,0.0,0.0,0.50002146,1.0728443,nan,3,0.0,0.0,0.0,0.0,0.0,0,0,0,0,0,1,1,0,0,0
9460320000,11.325001,11.325036,-1.0,-1.0,0.0,0.0,0.50002146,1.0728443,nan,3,0.0,0.0,0.0,0.0,0.0,0,0,0,0,0,1,1,0,0,0
9460824000,11.325001,11.325036,-1.0,-1.0,0.0,0.0,0.50002146,1.0728443,nan,3,0.0,0.0,0.0,0.0,0.0,0,0,0,0,0,1,1,0,0,0
9461316000,11.325001,11.325036,-1.0,-1.0,0.0,0.0,0.50002146,1.0728443,nan,3,0.0,0.0,0.0,0.0,0.0,0,0,0,0,0,1,1,0,0,0
9461820000,11.325001,11.325036,-1.0,-1.0,0.0,0.0,0.50002146,1.0728443,nan,3,0.0,0.0,0.0,0.0,0.0,0,0,0,0,0,1,1,0,0,0
9462324000,11.325001,11.325036,-1.0,-1.0,0.0,0.0,0.50002146,1.0728443,nan,3,0.0,0.0,0.0,0.0,0.0,0,0,0,0,0,1,1,0,0,0
9462828000,11.325001,11.325036,-1.0,-1.0,0.0,0.0,0.50002146,1.0728443,nan,3,0.0,0.0,0.0,0.0,0.0,0,0,0,0,0,1,1,0,0,0
9463320000,11.325001,11.325036,-1.0,-1.0,0.0,0.0,0.50002146,1.0728443,nan,3,0.0,0.0,0.0,0.0,0.0,0,0,0,0,0,1,1,0,0,0
9463824000,11.325001,11.325036,-1.0,-1.0,0.0,0.0,0.50002146,1.0728443,nan,3,0.0,0.0,0.0,0.0,0.0,0,0,0,0,0,1,1,0,0,0
9464328000,11.325001,11.325036,-1.0,-1.0,0.0,0.0,0.50002146,1.0728443,nan,3,0.0,0.0,0.0,0.0,0.0,0,0,0,0,0,1,1,0,0,0
9464820000,11.325001,11.325036,-1.0,-1.0,0.0,0.0,0.50002146,1.0728443,nan,3,0.0,0.0,0.0,0.0,0.0,0,0,0,0,0,1,1,0,0,0
9465324000,11.325001,11.325036,-1.0,-1.0,0.0,0.0,0.50002146,1.0728443,nan,3,0.0,0.0,0.0,0.0,0.0,0,0,0,0,0,1,1,0,0,0
9465828000,11.325001,11.325036,-1.0,-1.0,0.0,0.0,0.50002146,1.0728443,nan,3,0.0,0.0,0.0,0.0,0.0,0,0,0,0,0,1,1,0,0,0
9466320000,11.325001,11.325036,-1.0,-1.0,0.0,0.0,0.50002146,1.0728443,nan,3,0.0,0.0,0.0,0.0,0.0,0,0,0,0,0,1,1,0,0,0
9466824000,11.325001,11.325036,-1.0,-1.0,0.0,0.0,0.50002146,1.0728443,nan,3,0.0,0.0,0.0,0.0,0.0,0,0,0,0,0,1,1,0,0,0
9467328000,11.325001,11.325036,-1.0,-1.0,0.0,0.0,0.50002146,1.0728443,nan,3,0.0,0.0,0.0,0.0,0.0,0,0,0,0,0,1,1,0,0,0
9467820000,11.325001,11.325036,-1.0,-1.0,0.0,0.0,0.50002146,1.0728443,nan,3,0.0,0.0,0.0,0.0,0.0,0,0,0,0,0,1,1,0,0,0
9468324000,11.325001,11.325036,-1.0,-1.0,0.0,0.0,0.50002146,1.0728443,nan,3,0.0,0.0,0.0,0.0,0.0,0,0,0,0,0,1,1,0,0,0
9468828000,11.325001,11.325036,-1.0,-1.0,0.0,0.0,0.50002146,1.0728443,nan,3,0.0,0.0,0.0,0.0,0.0,0,0,0,0,0,1,1,0,0,0
9469320000,11.325001,11.325036,-1.0,-1.0,0.0,0.0,0.50002146,1.0728443,nan,3,0.0,0.0,0.0,0.0,0.0,0,0,0,0,0,1,1,0,0,0
9469824000,11.325001,11.325036,-1.0,-1.0,0.0,0.0,0.50002146,1.0728443,nan,3,0.0,0.0,0.0,0.0,0.0,0,0,0,0,0,1,1,0,0,0
9470328000,11.325001,11.325036,-1.0,-1.0,0.0,0.0,0.50002146,1.0728443,nan,3,0.0,0.0,0.0,0.0,0.0,0,0,0,0,0,1,1,0,0,0
9470820000,11.325001,11.325036,-1.0,-1.0,0.0,0.0,0.50002146,1.0728443,nan,3,0.0,0.0,0.0,0.0,0.0,0,0,0,0,0,1,1,0,0,0
9471324000,11.325001,11.325036,-1.0,-1.0,0.0,0.0,0.50002146,1.0728443,nan,3,0.0,0.0,0.0,0.0,0.0,0,0,0,0,0,1,1,0,0,0
9471828000,11.325001,11.325036,-1.0,-1.0,0.0,0.0,0.50002146,1.0728443,nan,3,0.0,0.0,0.0,0.0,0.0,0,0,0,0,0,1,1,0,0,0
9472320000,11.325001,11.325036,-1.0,-1.0,0.0,0.0,0.50002146,1.0728443,nan,3,0.0,0.0,0.0,0.0,0.0,0,0,0,0,0,1,1,0,0,0
9472824000,11.325001,11.325036,-1.0,-1.0,0.0,0.0,0.50002146,1.0728443,nan,3,0.0,0.0,0.0,0.0,0.0,0,0,0,0,0,1,1,0,0,0
9473328000,11.325001,11.325036,-1.0,-1.0,0.0,0.0,0.50002146,1.0728443,nan,3,0.0,0.0,0.0,0.0,0.0,0,0,0,0,0,1,1,0,0,0
9473820000,11.325001,11.325036,-1.0,-1.0,0.0,0.0,0.50002146,1.0728443,nan,3,0.0,0.0,0.0,0.0,0.0,0,0,0,0,0,1,1,0,0,0
9474324000,11.325001,11.325036,-1.0,-1.0,0.0,0.0,0.50002146,1.0728443,nan,3,0.0,0.0,0.0,0.0,0.0,0,0,0,0,0,1,1,0,0,0
9474828000,11.325001,11.325036,-1.0,-1.0,0.0,0.0,0.50002146,1.0728443,nan,3,0.0,0.0,0.0,0.0,0.0,0,0,0,0,0,1,1,0,0,0
9475320000,11.325001,11.325036,-1.0,-1.0,0.0,0.0,0.50002146,1.0728443,nan,3,0.0,0.0,0.0,0.0,0.0,0,0,0,0,0,1,1,0,0,0
9475824000,11.325001,11.325036,-1.0,-1.0,0.0,0.0,0.50002146,1.0728443,nan,3,0.0,0.0,0.0,0.0,0.0,0,0,0,0,0,1,1,0,0,0
9476328000,11.325001,11.325036,-1.0,-1.0,0.0,0.0,0.50002146,1.0728443,nan,3,0.0,0.0,0.0,0.0,0.0,0,0,0,0,0,1,1,0,0,0
9476820000,11.325001,11.325036,-1.0,-1.0,0.0,0.0,0.50002146,1.0728443,nan,3,0.0,0.0,0.0,0.0,0.0,0,0,0,0,0,1,1,0,0,0
9477324000,11.325001,11.325036,-1.0,-1.0,0.0,0.0,0.50002146,1.0728443,nan,3,0.0,0.0,0.0,0.0,0.0,0,0,0,0,0,1,1,0,0,0
9477828000,11.325001,11.325036,-1.0,-1.0,0.0,0.0,0.50002146,1.0728443,nan,3,0.0,0.0,0.0,0.0,0.0,0,0,0,0,0,1,1,0,0,0
9478320000,11.325001,11.325036,-1.0,-1.0,0.0,0.0,0.50002146,1.0728443,nan,3,0.0,0.0,0.0,0.0,0.0,0,0,0,0,0,1,1,0,0,0
9478824000,11.325001,11.325036,-1.0,-1.0,0.0,0.0,0.50002146,1.0728443,nan,3,0.0,0.0,0.0,0.0,0.0,0,0,0,0,0,1,1,0,0,0
9479328000,11.325001,11.325036,-1.0,-1.0,0.0,0.0,0.50002146,1.0728443,nan,3,0.0,0.0,0.0,0.0,0.0,0,0,0,0,0,1,1,0,0,0
9479820000,11.325001,11.325036,-1.0,-1.0,0.0,0.0,0.50002146,1.0728443,nan,3,0.0,0.0,0.0,0.0,0.0,0,0,0,0,0,1,1,0,0,0
9480324000,11.325001,11.325036,-1.0,-1.0,0.0,0.0,0.50002146,1.0728443,nan,3,0.0,0.0,0.0,0.0,0.0,0,0,0,0,0,1,1,0,0,0
9480828000,11.325001,11.325036,-1.0,-1.0,0.0,0.0,0.50002146,1.0728443,nan,3,0.0,0.0,0.0,0.0,0.0,0,0,0,0,0,1,1,0,0,0
9481320000,11.325001,11.325036,-1.0,-1.0,0.0,0.0,0.50002146,1.0728443,nan,3,0.0,0.0,0.0,0.0,0.0,0,0,0,0,0,1,1,0,0,0
9481824000,11.325001,11.325036,-1.0,-1.0,0.0,0.0,0.50002146,1.0728443,nan,3,0.0,0.0,0.0,0.0,0.0,0,0,0,0,0,1,1,0,0,0
9482328000,11.325001,11.325036,-1.0,-1.0,0.0,0.0,0.50002146,1.0728443,nan,3,0.0,0.0,0.0,0.0,0.0,0,0,0,0,0,1,1,0,0,0
9482820000,11.325001,11.325036,-1.0,-1.0,0.0,0.0,0.50002146,1.0728443,nan,3,0.0,0.0,0.0,0.0,0.0,0,0,0,0,0,1,1,0,0,0
9483324000,11.325001,11.325036,-1.0,-1.0,0.0,0.0,0.50002146,1.0728443,nan,3,0.0,0.0,0.0,0.0,0.0,0,0,0,0,0,1,1,0,0,0
9483828000,11.325001,11.325036,-1.0,-1.0,0.0,0.0,0.50002146,1.0728443,nan,3,0.0,0.0,0.0,0.0,0.0,0,0,0,0,0,1,1,0,0,0
9484320000,11.325001,11.325036,-1.0,-1.0,0.0,0.0,0.50002146,1.0728443,nan,3,0.0,0.0,0.0,0.0,0.0,0,0,0,0,0,1,1,0,0,0
9484824000,11.325001,11.325036,-1.0,-1.0,0.0,0.0,0.50002146,1.0728443,nan,3,0.0,0.0,0.0,0.0,0.0,0,0,0,0,0,1,1,0,0,0
9485328000,11.325001,11.325036,-1.0,-1.0,0.0,0.0,0.50002146,1.0728443,nan,3,0.0,0.0,0.0,0.0,0.0,0,0,0,0,0,1,1,0,0,0
9485820000,11.325001,11.325036,-1.0,-1.0,0.0,0.0,0.50002146,1.0728443,nan,3,0.0,0.0,0.0,0.0,0.0,0,0,0,0,0,1,1,0,0,0
9486324000,11.325001,11.325036,-1.0,-1.0,0.0,0.0,0.50002146,1.0728443,nan,3,0.0,0.0,0.0,0.0,0.0,0,0,0,0,0,1,1,0,0,0
9486828000,11.325001,11.325036,-1.0,-1.0,0.0,0.0,0.50002146,1.0728443,nan,3,0.0,0.0,0.0,0.0,0.0,0,0,0,0,0,1,1,0,0,0
9487320000,11.325001,11.325036,-1.0,-1.0,0.0,0.0,0.50002146,1.0728443,nan,3,0.0,0.0,0.0,0.0,0.0,0,0,0,0,0,1,1,0,0,0
9487824000,11.325001,11.325036,-1.0,-1.0,0.0,0.0,0.50002146,1.0728443,nan,3,0.0,0.0,0.0,0.0,0.0,0,0,0,0,0,1,1,0,0,0
9488328000,11.325001,11.325036,-1.0,-1.0,0.0,0.0,0.50002146,1.0728443,nan,3,0.0,0.0,0.0,0.0,0.0,0,0,0,0,0,1,1,0,0,0
9488820000,11.325001,11.325036,-1.0,-1.0,0.0,0.0,0.50002146,1.0728443,nan,3,0.0,0.0,0.0,0.0,0.0,0,0,0,0,0,1,1,0,0,0
9489324000,11.325001,11.325036,-1.0,-1.0,0.0,0.0,0.50002146,1.0728443,nan,3,0.0,0.0,0.0,0.0,0.0,0,0,0,0,0,1,1,0,0,0
9489816000,11.325001,11.325036,-1.0,-1.0,0.0,0.0,0.50002146,1.0728443,nan,3,0.0,0.0,0.0,0.0,0.0,0,0,0,0,0,1,1,0,0,0
9490320000,11.325001,11.325036,-1.0,-1.0,0.0,0.0,0.50002146,1.0728443,nan,3,0.0,0.0,0.0,0.0,0.0,0,0,0,0,0,1,1,0,0,0
9490824000,11.325001,11.325036,-1.0,-1.0,0.0,0.0,0.50002146,1.0728443,nan,3,0.0,0.0,0.0,0.0,0.0,0,0,0,0,0,1,1,0,0,0
9491328000,11.325001,11.325036,-1.0,-1.0,0.0,0.0,0.50002146,1.0728443,nan,3,0.0,0.0,0.0,0.0,0.0,0,0,0,0,0,1,1,0,0,0
9491820000,11.325001,11.325036,-1.0,-1.0,0.0,0.0,0.50002146,1.0728443,nan,3,0.0,0.0,0.0,0.0,0.0,0,0,0,0,0,1,1,0,0,0
9492324000,11.325001,11.325036,-1.0,-1.0,0.0,0.0,0.50002146,1.0728443,nan,3,0.0,0.0,0.0,0.0,0.0,0,0,0,0,0,1,1,0,0,0
9492816000,11.325001,11.325036,-1.0,-1.0,0.0,0.0,0.50002146,1.0728443,nan,3,0.0,0.0,0.0,0.0,0.0,0,0,0,0,0,1,1,0,0,0
9493320000,11.325001,11.325036,-1.0,-1.0,0.0,0.0,0.50002146,1.0728443,nan,3,0.0,0.0,0.0,0.0,0.0,0,0,0,0,0,1,1,0,0,0
9493824000,11.325001,11.325036,-1.0,-1.0,0.0,0.0,0.50002146,1.0728443,nan,3,0.0,0.0,0.0,0.0,0.0,0,0,0,0,0,1,1,0,0,0
9494316000,11.325001,11.325036,-1.0,-1.0,0.0,0.0,0.50002146,1.0728443,nan,3,0.0,0.0,0.0,0.0,0.0,0,0,0,0,0,1,1,0,0,0
9494820000,11.325001,11.325036,-1.0,-1.0,0.0,0.0,0.50002146,1.0728443,nan,3,0.0,0.0,0.0,0.0,0.0,0,0,0,0,0,1,1,0,0,0
9495324000,11.325001,11.325036,-1.0,-1.0,0.0,0.0,0.50002146,1.0728443,nan,3,0.0,0.0,0.0,0.0,0.0,0,0,0,0,0,1,1,0,0,0
9495828000,11.325001,11.325036,-1.0,-1.0,0.0,0.0,0.50002146,1.0728443,nan,3,0.0,0.0,0.0,0.0,0.0,0,0,0,0,0,1,1,0,0,0
9496320000,11.325001,11.325036,-1.0,-1.0,0.0,0.0,0.50002146,1.0728443,nan,3,0.0,0.0,0.0,0.0,0.0,0,0,0,0,0,1,1,0,0,0
9496824000,11.325001,11.325036,-1.0,-1.0,0.0,0.0,0.50002146,1.0728443,nan,3,0.0,0.0,0.0,0.0,0.0,0,0,0,0,0,1,1,0,0,0
9497328000,11.325001,11.325036,-1.0,-1.0,0.0,0.0,0.50002146,1.0728443,nan,3,0.0,0.0,0.0,0.0,0.0,0,0,0,0,0,1,1,0,0,0
9497820000,11.325001,11.325036,-1.0,-1.0,0.0,0.0,0.50002146,1.0728443,nan,3,0.0,0.0,0.0,0.0,0.0,0,0,0,0,0,1,1,0,0,0
9498324000,11.325001,11.325036,-1.0,-1.0,0.0,0.0,0.50002146,1.0728443,nan,3,0.0,0.0,0.0,0.0,0.0,0,0,0,0,0,1,1,0,0,0
9498828000,11.325001,11.325036,-1.0,-1.0,0.0,0.0,0.50002146,1.0728443,nan,3,0.0,0.0,0.0,0.0,0.0,0,0,0,0,0,1,1,0,0,0
9499320000,11.325001,11.325036,-1.0,-1.0,0.0,0.0,0.50002146,1.0728443,nan,3,0.0,0.0,0.0,0.0,0.0,0,0,0,0,0,1,1,0,0,0
9499824000,11.325001,11.325036,-1.0,-1.0,0.0,0.0,0.50002146,1.0728443,nan,3,0.0,0.0,0.0,0.0,0.0,0,0,0,0,0,1,1,0,0,0
9500328000,11.325001,11.325036,-1.0,-1.0,0.0,0.0,0.50002146,1.0728443,nan,3,0.0,0.0,0.0,0.0,0.0,0,0,0,0,0,1,1,0,0,0
9500820000,11.325001,11.325036,-1.0,-1.0,0.0,0.0,0.50002146,1.0728443,nan,3,0.0,0.0,0.0,0.0,0.0,0,0,0,0,0,1,1,0,0,0
9501324000,11.325001,11.325036,-1.0,-1.0,0.0,0.0,0.50002146,1.0728443,nan,3,0.0,0.0,0.0,0.0,0.0,0,0,0,0,0,1,1,0,0,0
9501828000,11.325001,11.325036,-1.0,-1.0,0.0,0.0,0.50002146,1.0728443,nan,3,0.0,0.0,0.0,0.0,0.0,0,0,0,0,0,1,1,0,0,0
9502320000,11.325001,11.325036,-1.0,-1.0,0.0,0.0,0.50002146,1.0728443,nan,3,0.0,0.0,0.0,0.0,0.0,0,0,0,0,0,1,1,0,0,0
9502824000,11.325001,11.325036,-1.0,-1.0,0.0,0.0,0.50002146,1.0728443,nan,3,0.0,0.0,0.0,0.0,0.0,0,0,0,0,0,1,1,0,0,0
9503316000,11.325001,11.325036,-1.0,-1.0,0.0,0.0,0.50002146,1.0728443,nan,3,0.0,0.0,0.0,0.0,0.0,0,0,0,0,0,1,1,0,0,0
9503820000,11.325001,11.325036,-1.0,-1.0,0.0,0.0,0.50002146,1.0728443,nan,3,0.0,0.0,0.0,0.0,0.0,0,0,0,0,0,1,1,0,0,0
9504324000,11.325001,11.325036,-1.0,-1.0,0.0,0.0,0.50002146,1.0728443,nan,3,0.0,0.0,0.0,0.0,0.0,0,0,0,0,0,1,1,0,0,0
9504828000,11.325001,11.325036,-1.0,-1.0,0.0,0.0,0.50002146,1.0728443,nan,3,0.0,0.0,0.0,0.0,0.0,0,0,0,0,0,1,1,0,0,0
9505320000,11.325001,11.325036,-1.0,-1.0,0.0,0.0,0.50002146,1.0728443,nan,3,0.0,0.0,0.0,0.0,0.0,0,0,0,0,0,1,1,0,0,0
9505824000,11.325001,11.325036,-1.0,-1.0,0.0,0.0,0.50002146,1.0728443,nan,3,0.0,0.0,0.0,0.0,0.0,0,0,0,0,0,1,1,0,0,0
9506328000,11.325001,11.325036,-1.0,-1.0,0.0,0.0,0.50002146,1.0728443,nan,3,0.0,0.0,0.0,0.0,0.0,0,0,0,0,0,1,1,0,0,0
9506820000,11.325001,11.325036,-1.0,-1.0,0.0,0.0,0.50002146,1.0728443,nan,3,0.0,0.0,0.0,0.0,0.0,0,0,0,0,0,1,1,0,0,0
9507324000,11.325001,11.325036,-1.0,-1.0,0.0,0.0,0.50002146,1.0728443,nan,3,0.0,0.0,0.0,0.0,0.0,0,0,0,0,0,1,1,0,0,0
9507816000,11.325001,11.325036,-1.0,-1.0,0.0,0.0,0.50002146,1.0728443,nan,3,0.0,0.0,0.0,0.0,0.0,0,0,0,0,0,1,1,0,0,0
9508320000,11.325001,11.325036,-1.0,-1.0,0.0,0.0,0.50002146,1.0728443,nan,3,0.0,0.0,0.0,0.0,0.0,0,0,0,0,0,1,1,0,0,0
9508824000,11.325001,11.325036,-1.0,-1.0,0.0,0.0,0.50002146,1.0728443,nan,3,0.0,0.0,0.0,0.0,0.0,0,0,0,0,0,1,1,0,0,0
9509328000,11.325001,11.325036,-1.0,-1.0,0.0,0.0,0.50002146,1.0728443,nan,3,0.0,0.0,0.0,0.0,0.0,0,0,0,0,0,1,1,0,0,0
9509820000,11.325001,11.325036,-1.0,-1.0,0.0,0.0,0.50002146,1.0728443,nan,3,0.0,0.0,0.0,0.0,0.0,0,0,0,0,0,1,1,0,0,0
9510324000,11.325001,11.325036,-1.0,-1.0,0.0,0.0,0.50002146,1.0728443,nan,3,0.0,0.0,0.0,0.0,0.0,0,0,0,0,0,1,1,0,0,0
9510828000,11.325001,11.325036,-1.0,-1.0,0.0,0.0,0.50002146,1.0728443,nan,3,0.0,0.0,0.0,0.0,0.0,0,0,0,0,0,1,1,0,0,0
9511320000,11.325001,11.325036,-1.0,-1.0,0.0,0.0,0.50002146,1.0728443,nan,3,0.0,0.0,0.0,0.0,0.0,0,0,0,0,0,1,1,0,0,0
9511824000,11.325001,11.325036,-1.0,-1.0,0.0,0.0,0.50002146,1.0728443,nan,3,0.0,0.0,0.0,0.0,0.0,0,0,0,0,0,1,1,0,0,0
9512328000,11.325001,11.325036,-1.0,-1.0,0.0,0.0,0.50002146,1.0728443,nan,3,0.0,0.0,0.0,0.0,0.0,0,0,0,0,0,1,1,0,0,0
9512820000,11.325001,11.325036,-1.0,-1.0,0.0,0.0,0.50002146,1.0728443,nan,3,0.0,0.0,0.0,0.0,0.0,0,0,0,0,0,1,1,0,0,0
9513324000,11.325001,11.325036,-1.0,-1.0,0.0,0.0,0.50002146,1.0728443,nan,3,0.0,0.0,0.0,0.0,0.0,0,0,0,0,0,1,1,0,0,0
9513828000,11.325001,11.325036,-1.0,-1.0,0.0,0.0,0.50002146,1.0728443,nan,3,0.0,0.0,0.0,0.0,0.0,0,0,0,0,0,1,1,0,0,0
9514320000,11.325001,11.325036,-1.0,-1.0,0.0,0.0,0.50002146,1.0728443,nan,3,0.0,0.0,0.0,0.0,0.0,0,0,0,0,0,1,1,0,0,0
9514824000,11.325001,11.325036,-1.0,-1.0,0.0,0.0,0.50002146,1.0728443,nan,3,0.0,0.0,0.0,0.0,0.0,0,0,0,0,0,1,1,0,0,0
9515328000,11.325001,11.325036,-1.0,-1.0,0.0,0.0,0.50002146,1.0728443,nan,3,0.0,0.0,0.0,0.0,0.0,0,0,0,0,0,1,1,0,0,0
9515820000,11.325001,11.325036,-1.0,-1.0,0.0,0.0,0.50002146,1.0728443,nan,3,0.0,0.0,0.0,0.0,0.0,0,0,0,0,0,1,1,0,0,0
9516324000,11.325001,11.325036,-1.0,-1.0,0.0,0.0,0.50002146,1.0728443,nan,3,0.0,0.0,0.0,0.0,0.0,0,0,0,0,0,1,1,0,0,0
9516828000,11.325001,11.325036,-1.0,-1.0,0.0,0.0,0.50002146,1.0728443,nan,3,0.0,0.0,0.0,0.0,0.0,0,0,0,0,0,1,1,0,0,0
9517320000,11.325001,11.325036,-1.0,-1.0,0.0,0.0,0.50002146,1.0728443,nan,3,0.0,0.0,0.0,0.0,0.0,0,0,0,0,0,1,1,0,0,0
9517824000,11.325001,11.325036,-1.0,-1.0,0.0,0.0,0.50002146,1.0728443,nan,3,0.0,0.0,0.0,0.0,0.0,0,0,0,0,0,1,1,0,0,0
9518328000,11.325001,11.325036,-1.0,-1.0,0.0,0.0,0.50002146,1.0728443,nan,3,0.0,0.0,0.0,0.0,0.0,0,0,0,0,0,1,1,0,0,0
9518820000,11.325001,11.325036,-1.0,-1.0,0.0,0.0,0.50002146,1.0728443,nan,3,0.0,0.0,0.0,0.0,0.0,0,0,0,0,0,1,1,0,0,0
9519324000,11.325001,11.325036,-1.0,-1.0,0.0,0.0,0.50002146,1.0728443,nan,3,0.0,0.0,0.0,0.0,0.0,0,0,0,0,0,1,1,0,0,0
9519828000,11.325001,11.325036,-1.0,-1.0,0.0,0.0,0.50002146,1.0728443,nan,3,0.0,0.0,0.0,0.0,0.0,0,0,0,0,0,1,1,0,0,0
9520320000,11.325001,11.325036,-1.0,-1.0,0.0,0.0,0.50002146,1.0728443,nan,3,0.0,0.0,0.0,0.0,0.0,0,0,0,0,0,1,1,0,0,0
9520824000,11.325001,11.325036,-1.0,-1.0,0.0,0.0,0.50002146,1.0728443,nan,3,0.0,0.0,0.0,0.0,0.0,0,0,0,0,0,1,1,0,0,0
9521328000,11.325001,11.325036,-1.0,-1.0,0.0,0.0,0.50002146,1.0728443,nan,3,0.0,0.0,0.0,0.0,0.0,0,0,0,0,0,1,1,0,0,0
9521820000,11.325001,11.325036,-1.0,-1.0,0.0,0.0,0.50002146,1.0728443,nan,3,0.0,0.0,0.0,0.0,0.0,0,0,0,0,0,1,1,0,0,0
9522324000,11.325001,11.325036,-1.0,-1.0,0.0,0.0,0.50002146,1.0728443,nan,3,0.0,0.0,0.0,0.0,0.0,0,0,0,0,0,1,1,0,0,0
9522828000,11.325001,11.325036,-1.0,-1.0,0.0,0.0,0.50002146,1.0728443,nan,3,0.0,0.0,0.0,0.0,0.0,0,0,0,0,0,1,1,0,0,0
9523320000,11.325001,11.325036,-1.0,-1.0,0.0,0.0,0.50002146,1.0728443,nan,3,0.0,0.0,0.0,0.0,0.0,0,0,0,0,0,1,1,0,0,0
9523824000,11.325001,11.325036,-1.0,-1.0,0.0,0.0,0.50002146,1.0728443,nan,3,0.0,0.0,0.0,0.0,0.0,0,0,0,0,0,1,1,0,0,0
9524328000,11.325001,11.325036,-1.0,-1.0,0.0,0.0,0.50002146,1.0728443,nan,3,0.0,0.0,0.0,0.0,0.0,0,0,0,0,0,1,1,0,0,0
9524820000,11.325001,11.325036,-1.0,-1.0,0.0,0.0,0.50002146,1.0728443,nan,3,0.0,0.0,0.0,0.0,0.0,0,0,0,0,0,1,1,0,0,0
9525324000,11.325001,11.325036,-1.0,-1.0,0.0,0.0,0.50002146,1.0728443,nan,3,0.0,0.0,0.0,0.0,0.0,0,0,0,0,0,1,1,0,0,0
9525828000,11.325001,11.325036,-1.0,-1.0,0.0,0.0,0.50002146,1.0728443,nan,3,0.0,0.0,0.0,0.0,0.0,0,0,0,0,0,1,1,0,0,0
9526320000,11.325001,11.325036,-1.0,-1.0,0.0,0.0,0.50002146,1.0728443,nan,3,0.0,0.0,0.0,0.0,0.0,0,0,0,0,0,1,1,0,0,0
9526824000,11.325001,11.325036,-1.0,-1.0,0.0,0.0,0.50002146,1.0728443,nan,3,0.0,0.0,0.0,0.0,0.0,0,0,0,0,0,1,1,0,0,0
9527328000,11.325001,11.325036,-1.0,-1.0,0.0,0.0,0.50002146,1.0728443,nan,3,0.0,0.0,0.0,0.0,0.0,0,0,0,0,0,1,1,0,0,0
9527820000,11.325001,11.325036,-1.0,-1.0,0.0,0.0,0.50002146,1.0728443,nan,3,0.0,0.0,0.0,0.0,0.0,0,0,0,0,0,1,1,0,0,0
9528324000,11.325001,11.325036,-1.0,-1.0,0.0,0.0,0.50002146,1.0728443,nan,3,0.0,0.0,0.0,0.0,0.0,0,0,0,0,0,1,1,0,0,0
9528828000,11.325001,11.325036,-1.0,-1.0,0.0,0.0,0.50002146,1.0728443,nan,3,0.0,0.0,0.0,0.0,0.0,0,0,0,0,0,1,1,0,0,0
9529320000,11.325001,11.325036,-1.0,-1.0,0.0,0.0,0.50002146,1.0728443,nan,3,0.0,0.0,0.0,0.0,0.0,0,0,0,0,0,1,1,0,0,0
9529824000,11.325001,11.325036,-1.0,-1.0,0.0,0.0,0.50002146,1.0728443,nan,3,0.0,0.0,0.0,0.0,0.0,0,0,0,0,0,1,1,0,0,0
9530328000,11.325001,11.325036,-1.0,-1.0,0.0,0.0,0.50002146,1.0728443,nan,3,0.0,0.0,0.0,0.0,0.0,0,0,0,0,0,1,1,0,0,0
9530820000,11.325001,11.325036,-1.0,-1.0,0.0,0.0,0.50002146,1.0728443,nan,3,0.0,0.0,0.0,0.0,0.0,0,0,0,0,0,1,1,0,0,0
9531324000,11.325001,11.325036,-1.0,-1.0,0.0,0.0,0.50002146,1.0728443,nan,3,0.0,0.0,0.0,0.0,0.0,0,0,0,0,0,1,1,0,0,0
9531828000,11.325001,11.325036,-1.0,-1.0,0.0,0.0,0.50002146,1.0728443,nan,3,0.0,0.0,0.0,0.0,0.0,0,0,0,0,0,1,1,0,0,0
9532320000,11.325001,11.325036,-1.0,-1.0,0.0,0.0,0.50002146,1.0728443,nan,3,0.0,0.0,0.0,0.0,0.0,0,0,0,0,0,1,1,0,0,0
9532824000,11.325001,11.325036,-1.0,-1.0,0.0,0.0,0.50002146,1.0728443,nan,3,0.0,0.0,0.0,0.0,0.0,0,0,0,0,0,1,1,0,0,0
9533328000,11.325001,11.325036,-1.0,-1.0,0.0,0.0,0.50002146,1.0728443,nan,3,0.0,0.0,0.0,0.0,0.0,0,0,0,0,0,1,1,0,0,0
9533820000,11.325001,11.325036,-1.0,-1.0,0.0,0.0,0.50002146,1.0728443,nan,3,0.0,0.0,0.0,0.0,0.0,0,0,0,0,0,1,1,0,0,0
9534324000,11.325001,11.325036,-1.0,-1.0,0.0,0.0,0.50002146,1.0728443,nan,3,0.0,0.0,0.0,0.0,0.0,0,0,0,0,0,1,1,0,0,0
9534828000,11.325001,11.325036,-1.0,-1.0,0.0,0.0,0.50002146,1.0728443,nan,3,0.0,0.0,0.0,0.0,0.0,0,0,0,0,0,1,1,0,0,0
9535320000,11.325001,11.325036,-1.0,-1.0,0.0,0.0,0.50002146,1.0728443,nan,3,0.0,0.0,0.0,0.0,0.0,0,0,0,0,0,1,1,0,0,0
9535824000,11.325001,11.325036,-1.0,-1.0,0.0,0.0,0.50002146,1.0728443,nan,3,0.0,0.0,0.0,0.0,0.0,0,0,0,0,0,1,1,0,0,0
9536328000,11.325001,11.325036,-1.0,-1.0,0.0,0.0,0.50002146,1.0728443,nan,3,0.0,0.0,0.0,0.0,0.0,0,0,0,0,0,1,1,0,0,0
9536820000,11.325001,11.325036,-1.0,-1.0,0.0,0.0,0.50002146,1.0728443,nan,3,0.0,0.0,0.0,0.0,0.0,0,0,0,0,0,1,1,0,0,0
9537324000,11.325001,11.325036,-1.0,-1.0,0.0,0.0,0.50002146,1.0728443,nan,3,0.0,0.0,0.0,0.0,0.0,0,0,0,0,0,1,1,0,0,0
9537828000,11.325001,11.325036,-1.0,-1.0,0.0,0.0,0.50002146,1.0728443,nan,3,0.0,0.0,0.0,0.0,0.0,0,0,0,0,0,1,1,0,0,0
9538320000,11.325001,11.325036,-1.0,-1.0,0.0,0.0,0.50002146,1.0728443,nan,3,0.0,0.0,0.0,0.0,0.0,0,0,0,0,0,1,1,0,0,0
9538824000,11.325001,11.325036,-1.0,-1.0,0.0,0.0,0.50002146,1.0728443,nan,3,0.0,0.0,0.0,0.0,0.0,0,0,0,0,0,1,1,0,0,0
9539328000,11.325001,11.325036,-1.0,-1.0,0.0,0.0,0.50002146,1.0728443,nan,3,0.0,0.0,0.0,0.0,0.0,0,0,0,0,0,1,1,0,0,0
9539820000,11.325001,11.325036,-1.0,-1.0,0.0,0.0,0.50002146,1.0728443,nan,3,0.0,0.0,0.0,0.0,0.0,0,0,0,0,0,1,1,0,0,0
9540324000,11.325001,11.325036,-1.0,-1.0,0.0,0.0,0.50002146,1.0728443,nan,3,0.0,0.0,0.0,0.0,0.0,0,0,0,0,0,1,1,0,0,0
9540828000,11.325001,11.325036,-1.0,-1.0,0.0,0.0,0.50002146,1.0728443,nan,3,0.0,0.0,0.0,0.0,0.0,0,0,0,0,0,1,1,0,0,0
9541320000,11.325001,11.325036,-1.0,-1.0,0.0,0.0,0.50002146,1.0728443,nan,3,0.0,0.0,0.0,0.0,0.0,0,0,0,0,0,1,1,0,0,0
9541824000,11.325001,11.325036,-1.0,-1.0,0.0,0.0,0.50002146,1.0728443,nan,3,0.0,0.0,0.0,0.0,0.0,0,0,0,0,0,1,1,0,0,0
9542328000,11.325001,11.325036,-1.0,-1.0,0.0,0.0,0.50002146,1.0728443,nan,3,0.0,0.0,0.0,0.0,0.0,0,0,0,0,0,1,1,0,0,0
9542820000,11.325001,11.325036,-1.0,-1.0,0.0,0.0,0.50002146,1.0728443,nan,3,0.0,0.0,0.0,0.0,0.0,0,0,0,0,0,1,1,0,0,0
9543324000,11.325001,11.325036,-1.0,-1.0,0.0,0.0,0.50002146,1.0728443,nan,3,0.0,0.0,0.0,0.0,0.0,0,0,0,0,0,1,1,0,0,0
9543828000,11.325001,11.325036,-1.0,-1.0,0.0,0.0,0.50002146,1.0728443,nan,3,0.0,0.0,0.0,0.0,0.0,0,0,0,0,0,1,1,0,0,0
9544320000,11.325001,11.325036,-1.0,-1.0,0.0,0.0,0.50002146,1.0728443,nan,3,0.0,0.0,0.0,0.0,0.0,0,0,0,0,0,1,1,0,0,0
9544824000,11.325001,11.325036,-1.0,-1.0,0.0,0.0,0.50002146,1.0728443,nan,3,0.0,0.0,0.0,0.0,0.0,0,0,0,0,0,1,1,0,0,0
9545328000,11.325001,11.325036,-1.0,-1.0,0.0,0.0,0.50002146,1.0728443,nan,3,0.0,0.0,0.0,0.0,0.0,0,0,0,0,0,1,1,0,0,0
9545820000,11.325001,11.325036,-1.0,-1.0,0.0,0.0,0.50002146,1.0728443,nan,3,0.0,0.0,0.0,0.0,0.0,0,0,0,0,0,1,1,0,0,0
9546324000,11.325001,11.325036,-1.0,-1.0,0.0,0.0,0.50002146,1.0728443,nan,3,0.0,0.0,0.0,0.0,0.0,0,0,0,0,0,1,1,0,0,0
9546816000,11.325001,11.325036,-1.0,-1.0,0.0,0.0,0.50002146,1.0728443,nan,3,0.0,0.0,0.0,0.0,0.0,0,0,0,0,0,1,1,0,0,0
9547320000,11.325001,11.325036,-1.0,-1.0,0.0,0.0,0.50002146,1.0728443,nan,3,0.0,0.0,0.0,0.0,0.0,0,0,0,0,0,1,1,0,0,0
9547824000,11.325001,11.325036,-1.0,-1.0,0.0,0.0,0.50002146,1.0728443,nan,3,0.0,0.0,0.0,0.0,0.0,0,0,0,0,0,1,1,0,0,0
9548316000,11.325001,11.325036,-1.0,-1.0,0.0,0.0,0.50002146,1.0728443,nan,3,0.0,0.0,0.0,0.0,0.0,0,0,0,0,0,1,1,0,0,0
9548820000,11.325001,11.325036,-1.0,-1.0,0.0,0.0,0.50002146,1.0728443,nan,3,0.0,0.0,0.0,0.0,0.0,0,0,0,0,0,1,1,0,0,0
9549324000,11.325001,11.325036,-1.0,-1.0,0.0,0.0,0.50002146,1.0728443,nan,3,0.0,0.0,0.0,0.0,0.0,0,0,0,0,0,1,1,0,0,0
9549828000,11.325001,11.325036,-1.0,-1.0,0.0,0.0,0.50002146,1.0728443,nan,3,0.0,0.0,0.0,0.0,0.0,0,0,0,0,0,1,1,0,0,0
9550320000,11.325001,11.325036,-1.0,-1.0,0.0,0.0,0.50002146,1.0728443,nan,3,0.0,0.0,0.0,0.0,0.0,0,0,0,0,0,1,1,0,0,0
9550824000,11.325001,11.325036,-1.0,-1.0,0.0,0.0,0.50002146,1.0728443,nan,3,0.0,0.0,0.0,0.0,0.0,0,0,0,0,0,1,1,0,0,0
9551328000,11.325001,11.325036,-1.0,-1.0,0.0,0.0,0.50002146,1.0728443,nan,3,0.0,0.0,0.0,0.0,0.0,0,0,0,0,0,1,1,0,0,0
9551820000,11.325001,11.325036,-1.0,-1.0,0.0,0.0,0.50002146,1.0728443,nan,3,0.0,0.0,0.0,0.0,0.0,0,0,0,0,0,1,1,0,0,0
9552324000,11.325001,11.325036,-1.0,-1.0,0.0,0.0,0.50002146,1.0728443,nan,3,0.0,0.0,0.0,0.0,0.0,0,0,0,0,0,1,1,0,0,0
9552828000,11.325001,11.325036,-1.0,-1.0,0.0,0.0,0.50002146,1.0728443,nan,3,0.0,0.0,0.0,0.0,0.0,0,0,0,0,0,1,1,0,0,0
9553320000,11.325001,11.325036,-1.0,-1.0,0.0,0.0,0.50002146,1.0728443,nan,3,0.0,0.0,0.0,0.0,0.0,0,0,0,0,0,1,1,0,0,0
9553824000,11.325001,11.325036,-1.0,-1.0,0.0,0.0,0.50002146,1.0728443,nan,3,0.0,0.0,0.0,0.0,0.0,0,0,0,0,0,1,1,0,0,0
9554328000,11.325001,11.325036,-1.0,-1.0,0.0,0.0,0.50002146,1.0728443,nan,3,0.0,0.0,0.0,0.0,0.0,0,0,0,0,0,1,1,0,0,0
9554820000,11.325001,11.325036,-1.0,-1.0,0.0,0.0,0.50002146,1.0728443,nan,3,0.0,0.0,0.0,0.0,0.0,0,0,0,0,0,1,1,0,0,0
9555324000,11.325001,11.325036,-1.0,-1.0,0.0,0.0,0.50002146,1.0728443,nan,3,0.0,0.0,0.0,0.0,0.0,0,0,0,0,0,1,1,0,0,0
9555828000,11.325001,11.325036,-1.0,-1.0,0.0,0.0,0.50002146,1.0728443,nan,3,0.0,0.0,0.0,0.0,0.0,0,0,0,0,0,1,1,0,0,0
9556320000,11.325001,11.325036,-1.0,-1.0,0.0,0.0,0.50002146,1.0728443,nan,3,0.0,0.0,0.0,0.0,0.0,0,0,0,0,0,1,1,0,0,0
9556824000,11.325001,11.325036,-1.0,-1.0,0.0,0.0,0.50002146,1.0728443,nan,3,0.0,0.0,0.0,0.0,0.0,0,0,0,0,0,1,1,0,0,0
9557328000,11.325001,11.325036,-1.0,-1.0,0.0,0.0,0.50002146,1.0728443,nan,3,0.0,0.0,0.0,0.0,0.0,0,0,0,0,0,1,1,0,0,0
9557820000,11.325001,11.325036,-1.0,-1.0,0.0,0.0,0.50002146,1.0728443,nan,3,0.0,0.0,0.0,0.0,0.0,0,0,0,0,0,1,1,0,0,0
9558324000,11.325001,11.325036,-1.0,-1.0,0.0,0.0,0.50002146,1.0728443,nan,3,0.0,0.0,0.0,0.0,0.0,0,0,0,0,0,1,1,0,0,0
9558828000,11.325001,11.325036,-1.0,-1.0,0.0,0.0,0.50002146,1.0728443,nan,3,0.0,0.0,0.0,0.0,0.0,0,0,0,0,0,1,1,0,0,0
9559320000,11.325001,11.325036,-1.0,-1.0,0.0,0.0,0.50002146,1.0728443,nan,3,0.0,0.0,0.0,0.0,0.0,0,0,0,0,0,1,1,0,0,0
9559824000,11.325001,11.325036,-1.0,-1.0,0.0,0.0,0.50002146,1.0728443,nan,3,0.0,0.0,0.0,0.0,0.0,0,0,0,0,0,1,1,0,0,0
9560328000,11.325001,11.325036,-1.0,-1.0,0.0,0.0,0.50002146,1.0728443,nan,3,0.0,0.0,0.0,0.0,0.0,0,0,0,0,0,1,1,0,0,0
9560820000,11.325001,11.325036,-1.0,-1.0,0.0,0.0,0.50002146,1.0728443,nan,3,0.0,0.0,0.0,0.0,0.0,0,0,0,0,0,1,1,0,0,0
9561324000,11.325001,11.325036,-1.0,-1.0,0.0,0.0,0.50002146,1.0728443,nan,3,0.0,0.0,0.0,0.0,0.0,0,0,0,0,0,1,1,0,0,0
9561828000,11.325001,11.325036,-1.0,-1.0,0.0,0.0,0.50002146,1.0728443,nan,3,0.0,0.0,0.0,0.0,0.0,0,0,0,0,0,1,1,0,0,0
9562320000,11.325001,11.325036,-1.0,-1.0,0.0,0.0,0.50002146,1.0728443,nan,3,0.0,0.0,0.0,0.0,0.0,0,0,0,0,0,1,1,0,0,0
9562824000,11.325001,11.325036,-1.0,-1.0,0.0,0.0,0.50002146,1.0728443,nan,3,0.0,0.0,0.0,0.0,0.0,0,0,0,0,0,1,1,0,0,0
9563328000,11.325001,11.325036,-1.0,-1.0,0.0,0.0,0.50002146,1.0728443,nan,3,0.0,0.0,0.0,0.0,0.0,0,0,0,0,0,1,1,0,0,0
9563820000,11.325001,11.325036,-1.0,-1.0,0.0,0.0,0.50002146,1.0728443,nan,3,0.0,0.0,0.0,0.0,0.0,0,0,0,0,0,1,1,0,0,0
9564324000,11.325001,11.325036,-1.0,-1.0,0.0,0.0,0.50002146,1.0728443,nan,3,0.0,0.0,0.0,0.0,0.0,0,0,0,0,0,1,1,0,0,0
9564828000,11.325001,11.325036,-1.0,-1.0,0.0,0.0,0.50002146,1.0728443,nan,3,0.0,0.0,0.0,0.0,0.0,0,0,0,0,0,1,1,0,0,0
9565320000,11.325001,11.325036,-1.0,-1.0,0.0,0.0,0.50002146,1.0728443,nan,3,0.0,0.0,0.0,0.0,0.0,0,0,0,0,0,1,1,0,0,0
9565824000,11.325001,11.325036,-1.0,-1.0,0.0,0.0,0.50002146,1.0728443,nan,3,0.0,0.0,0.0,0.0,0.0,0,0,0,0,0,1,1,0,0,0
9566328000,11.325001,11.325036,-1.0,-1.0,0.0,0.0,0.50002146,1.0728443,nan,3,0.0,0.0,0.0,0.0,0.0,0,0,0,0,0,1,1,0,0,0
9566820000,11.325001,11.325036,-1.0,-1.0,0.0,0.0,0.50002146,1.0728443,nan,3,0.0,0.0,0.0,0.0,0.0,0,0,0,0,0,1,1,0,0,0
9567324000,11.325001,11.325036,-1.0,-1.0,0.0,0.0,0.50002146,1.0728443,nan,3,0.0,0.0,0.0,0.0,0.0,0,0,0,0,0,1,1,0,0,0
9567828000,11.325001,11.325036,-1.0,-1.0,0.0,0.0,0.50002146,1.0728443,nan,3,0.0,0.0,0.0,0.0,0.0,0,0,0,0,0,1,1,0,0,0
9568320000,11.325001,11.325036,-1.0,-1.0,0.0,0.0,0.50002146,1.0728443,nan,3,0.0,0.0,0.0,0.0,0.0,0,0,0,0,0,1,1,0,0,0
9568824000,11.325001,11.325036,-1.0,-1.0,0.0,0.0,0.50002146,1.0728443,nan,3,0.0,0.0,0.0,0.0,0.0,0,0,0,0,0,1,1,0,0,0
9569328000,11.325001,11.325036,-1.0,-1.0,0.0,0.0,0.50002146,1.0728443,nan,3,0.0,0.0,0.0,0.0,0.0,0,0,0,0,0,1,1,0,0,0
9569820000,11.325001,11.325036,-1.0,-1.0,0.0,0.0,0.50002146,1.0728443,nan,3,0.0,0.0,0.0,0.0,0.0,0,0,0,0,0,1,1,0,0,0
9570324000,11.325001,11.325036,-1.0,-1.0,0.0,0.0,0.50002146,1.0728443,nan,3,0.0,0.0,0.0,0.0,0.0,0,0,0,0,0,1,1,0,0,0
9570828000,11.325001,11.325036,-1.0,-1.0,0.0,0.0,0.50002146,1.0728443,nan,3,0.0,0.0,0.0,0.0,0.0,0,0,0,0,0,1,1,0,0,0
9571320000,11.325001,11.325036,-1.0,-1.0,0.0,0.0,0.50002146,1.0728443,nan,3,0.0,0.0,0.0,0.0,0.0,0,0,0,0,0,1,1,0,0,0
9571824000,11.325001,11.325036,-1.0,-1.0,0.0,0.0,0.50002146,1.0728443,nan,3,0.0,0.0,0.0,0.0,0.0,0,0,0,0,0,1,1,0,0,0
9572328000,11.325001,11.325036,-1.0,-1.0,0.0,0.0,0.50002146,1.0728443,nan,3,0.0,0.0,0.0,0.0,0.0,0,0,0,0,0,1,1,0,0,0
9572820000,11.325001,11.325036,-1.0,-1.0,0.0,0.0,0.50002146,1.0728443,nan,3,0.0,0.0,0.0,0.0,0.0,0,0,0,0,0,1,1,0,0,0
9573324000,11.325001,11.325036,-1.0,-1.0,0.0,0.0,0.50002146,1.0728443,nan,3,0.0,0.0,0.0,0.0,0.0,0,0,0,0,0,1,1,0,0,0
9573828000,11.325001,11.325036,-1.0,-1.0,0.0,0.0,0.50002146,1.0728443,nan,3,0.0,0.0,0.0,0.0,0.0,0,0,0,0,0,1,1,0,0,0
9574320000,11.325001,11.325036,-1.0,-1.0,0.0,0.0,0.50002146,1.0728443,nan,3,0.0,0.0,0.0,0.0,0.0,0,0,0,0,0,1,1,0,0,0
9574824000,11.325001,11.325036,-1.0,-1.0,0.0,0.0,0.50002146,1.0728443,nan,3,0.0,0.0,0.0,0.0,0.0,0,0,0,0,0,1,1,0,0,0
9575328000,11.325001,11.325036,-1.0,-1.0,0.0,0.0,0.50002146,1.0728443,nan,3,0.0,0.0,0.0,0.0,0.0,0,0,0,0,0,1,1,0,0,0
9575820000,11.325001,11.325036,-1.0,-1.0,0.0,0.0,0.50002146,1.0728443,nan,3,0.0,0.0,0.0,0.0,0.0,0,0,0,0,0,1,1,0,0,0
9576324000,11.325001,11.325036,-1.0,-1.0,0.0,0.0,0.50002146,1.0728443,nan,3,0.0,0.0,0.0,0.0,0.0,0,0,0,0,0,1,1,0,0,0
9576828000,11.325001,11.325036,-1.0,-1.0,0.0,0.0,0.50002146,1.0728443,nan,3,0.0,0.0,0.0,0.0,0.0,0,0,0,0,0,1,1,0,0,0
9577320000,12.150001,11.508329,-1.0,-1.0,0.0,0.0,0.6111088,1.055757,nan,3,0.0,0.0,0.0,0.0,0.0,0,0,0,0,0,1,1,0,0,0
9577824000,12.150001,11.729285,-1.0,-1.0,0.0,0.0,0.74502087,1.0358688,nan,3,0.0,0.0,0.0,0.0,0.0,0,0,0,0,0,1,1,0,0,0
