timestamp,rollspeed_integ,pitchspeed_integ,yawspeed_integ,additional_integ1
9232328000,0.0,0.0,0.0,0.0
9232524000,0.0,0.0,0.0,0.0
9232728000,0.0,0.0,0.0,0.0
9232924000,0.0,0.0,0.0,0.0
9233124000,0.0,0.0,0.0,0.0
9233328000,0.0,0.0,0.0,0.0
9233528000,0.0,0.0,0.0,0.0
9233728000,0.0056921165,-0.005390535,1.0846899e-05,0.0
9233928000,0.009986464,-0.009443282,4.144269e-05,0.0
9234124000,0.012778468,-0.012489745,0.00011229126,0.0
9234328000,0.0093335975,-0.009174018,0.000106726286,0.0
9234528000,0.007662242,-0.007404394,9.730745e-05,0.0
9234724000,0.0065728156,-0.006382538,8.879978e-05,0.0
9234924000,0.0054369424,-0.0053400598,7.495377e-05,0.0
9235124000,0.004512346,-0.0043953564,5.7616064e-05,0.0
9235324000,0.0036752275,-0.0036167486,3.936145e-05,0.0
9235528000,0.0030327495,-0.0029573138,3.4096756e-05,0.0
9235728000,0.002505911,-0.0024685315,3.24108e-05,0.0
9235928000,0.001979902,-0.0020181325,6.464058e-05,0.0
9236128000,0.001571592,-0.0014639136,3.8690425e-05,0.0
9236328000,0.0012825292,-0.0012849249,3.476397e-05,0.0
9236524000,0.0010759312,-0.00092686515,2.0142486e-05,0.0
9236728000,0.0007975813,-0.0008028865,-1.9701101e-06,0.0
9236928000,0.00068680587,-0.0005542676,8.238714e-06,0.0
9237128000,0.0004358448,-0.00038070983,-4.7056333e-06,0.0
9237328000,0.00028383688,-0.00026429165,-5.9270176e-05,0.0
9237524000,0.00026149125,-9.053867e-05,-4.4824832e-05,0.0
9237728000,3.8470396e-05,4.160276e-05,-3.6312736e-05,0.0
9237928000,3.2120028e-05,0.00012833942,-4.7530648e-05,0.0
9238128000,-0.00015468673,0.00021145232,-4.175042e-05,0.0
9238324000,-5.3024716e-05,0.00024036138,-3.7938124e-05,0.0
9238528000,-0.000290995,0.0002614676,-5.5286448e-05,0.0
9238724000,-0.0003057822,0.00032862788,-4.9898248e-05,0.0
9238928000,-0.0002939595,0.00035982768,-3.1442545e-05,0.0
9239124000,-0.00039915618,0.0004191253,-2.8957564e-05,0.0
9239328000,-0.00030987014,0.00043661013,-1.9147883e-05,0.0
9239528000,-0.00027104092,0.00033391593,-2.2126647e-05,0.0
9239728000,-0.00039135633,0.00029255505,-2.3688466e-05,0.0
9239928000,-0.00024230643,0.00027764234,-9.861296e-06,0.0
9240128000,-0.00025467394,0.00020834,-2.270086e-05,0.0
9240324000,-0.00039727963,0.00019921934,-1.6810178e-05,0.0
9240528000,-0.00018557704,0.00016265393,-2.3640809e-05,0.0
9240728000,-0.00029042957,9.6875025e-05,-6.1896217e-06,0.0
9240924000,-0.00032266098,0.00022760445,-1.2659673e-06,0.0
9241128000,-0.00026021857,0.00016452848,-5.940068e-06,0.0
9241324000,-0.00021445297,-3.006274e-05,-2.4273142e-05,0.0
9241524000,-0.00015509776,0.00011211406,-2.277922e-05,0.0
9241728000,-0.00019255812,5.7469293e-05,-2.1264219e-05,0.0
9241928000,-0.00014385543,-5.2166106e-05,-1.2774903e-05,0.0
9242128000,-5.0675546e-05,3.753901e-05,-1.365186e-05,0.0
9242328000,-9.6393975e-05,1.1178805e-05,-1.106439e-05,0.0
9242524000,-0.000145115,-2.1943364e-05,-1.9941706e-05,0.0
9242728000,-6.0042807e-05,-1.9738723e-05,-1.577125e-05,0.0
9242928000,-3.88593e-05,2.037875e-05,-8.0184e-06,0.0
9243128000,-2.0055099e-05,0.00010237232,-3.3612496e-06,0.0
9243324000,5.925928e-06,0.00012123385,5.1676434e-06,0.0
9243528000,8.424117e-05,8.619854e-05,9.678383e-07,0.0
9243724000,7.310596e-06,0.00013674548,1.507141e-05,0.0
9243928000,8.150813e-05,0.0001605846,-1.957709e-05,0.0
9244128000,7.48903e-05,0.00011180274,3.2839703e-06,0.0
9244328000,0.00015230349,7.7823686e-05,2.81147e-05,0.0
9244528000,0.00019190881,0.00015570181,1.9888661e-05,0.0
9244728000,0.000110954454,0.00013653275,1.1433281e-05,0.0
9244928000,0.00021565803,0.00024981913,2.7101165e-05,0.0
9245128000,0.00023093609,0.00027804205,1.2732396e-05,0.0
9245328000,0.0001206268,0.000120284516,-1.721734e-06,0.0
9245524000,0.00021927744,0.00020750571,2.0565953e-05,0.0
9245728000,0.00028081026,0.00023030333,6.0266007e-06,0.0
9245928000,0.00021262803,0.00037839063,-1.0144713e-05,0.0
9246128000,0.00017817503,0.00020576848,-1.5321197e-05,0.0
9246324000,0.00033827638,0.00018760256,-9.60561e-06,0.0
9246524000,0.0002515014,0.00021954856,-1.678915e-05,0.0
9246728000,0.00038010324,0.0002157609,1.0170447e-05,0.0
9246928000,0.0002795973,0.0002753465,-2.0153e-05,0.0
9247128000,0.00033176423,0.00028480147,-2.5250602e-05,0.0
9247328000,0.00035290376,0.00017637454,-2.3959245e-05,0.0
9247528000,0.0003384003,0.00012022906,2.1106157e-06,0.0
9247728000,0.00036076526,7.132902e-05,-1.5106923e-06,0.0
9247928000,0.00027765485,0.00012591717,6.5108097e-06,0.0
9248124000,0.00026518916,9.025393e-05,1.5953893e-06,0.0
9248328000,0.00032955993,0.00015998361,2.6070666e-05,0.0
9248528000,0.00035165856,4.1972984e-05,2.2263768e-05,0.0
9248724000,0.00026147306,9.85033e-05,4.1862197e-05,0.0
9248928000,0.00036364264,2.2386761e-05,1.8508461e-05,0.0
9249128000,0.00039300194,8.4987485e-05,3.6292276e-05,0.0
9249324000,0.0003281917,0.00010088526,2.6095493e-05,0.0
9249528000,0.00038202238,3.3806195e-05,2.2253085e-05,0.0
9249724000,0.00030076833,2.6801994e-05,1.4792533e-05,0.0
9249928000,0.0002584114,6.4355096e-05,4.0008028e-05,0.0
9250128000,0.0002942569,2.123462e-05,1.100981e-05,0.0
9250328000,0.00025516053,5.5776985e-05,3.4357396e-05,0.0
9250528000,0.0003670322,3.7270325e-05,2.8071467e-05,0.0
9250728000,0.00026560688,-6.1766914e-05,1.9164167e-05,0.0
9250924000,0.00032795453,7.302686e-05,1.3716369e-05,0.0
9251124000,0.0001946527,-4.3663807e-05,1.2920216e-05,0.0
9251328000,0.00029146494,1.173648e-05,1.3377148e-05,0.0
9251524000,0.00016111883,-6.936719e-05,8.03045e-06,0.0
9251724000,9.0502355e-05,-0.00015676308,3.2148488e-05,0.0
9251924000,0.00017654148,-7.0281756e-05,2.6413089e-05,0.0
9252128000,0.0019380864,-0.0026617704,0.0021261808,0.0
9252324000,-0.0052932478,0.005214987,0.013389033,0.0
9252528000,-0.007887276,0.002390142,0.01641711,0.0
9252728000,-0.00038349748,-0.0016148026,0.013282229,0.0
9252928000,0.0014889525,-0.0016125824,0.010826867,0.0
9253128000,0.0019232122,-0.0021176848,0.009090026,0.0
9253328000,0.0021776815,-0.0029470343,0.00779681,0.0
9253528000,0.0020771,-0.003610277,0.0068189055,0.0
9253724000,0.0018329405,-0.0042879204,0.006048933,0.0
9253928000,0.0016600959,-0.004930129,0.0053555937,0.0
9254128000,0.0014256497,-0.00554688,0.0047905054,0.0
9254328000,0.0013307979,-0.0062256623,0.0042881444,0.0
9254524000,0.0011302084,-0.0067390166,0.0038435098,0.0
9254728000,0.00094221195,-0.0075062066,0.0034287353,0.0
9254928000,0.0008085196,-0.008015344,0.0030689193,0.0
9255128000,0.00075601495,-0.008757735,0.0027605668,0.0
9255328000,0.00074411405,-0.009554583,0.0024738794,0.0
9255528000,0.00056824676,-0.010195076,0.0022331057,0.0
9255728000,0.000663384,-0.010842366,0.0020050206,0.0
9255928000,0.00063728134,-0.011842154,0.0018007823,0.0
9256128000,0.000584328,-0.012517228,0.0015944821,0.0
9256328000,0.00062198035,-0.013505432,0.001398163,0.0
9256528000,0.0006112554,-0.014463076,0.0012417135,0.0
9256724000,0.0006027119,-0.015440164,0.0011165102,0.0
9256928000,0.00076351035,-0.016587658,0.00096301024,0.0
9257124000,0.0007597876,-0.017548578,0.00083452335,0.0
9257328000,0.0009634409,-0.018696629,0.0007200185,0.0
9257524000,0.0011747526,-0.02005139,0.0006155163,0.0
9257724000,0.0012741807,-0.02134472,0.0005211332,0.0
9257928000,0.0015036184,-0.022775624,0.0004041456,0.0
9258124000,0.0016670518,-0.024052171,0.00032542186,0.0
9258324000,0.0020018807,-0.025692737,0.00022701075,0.0
9258528000,0.0021415094,-0.027428554,0.00013533105,0.0
9258728000,0.0024356572,-0.02891691,3.903824e-05,0.0
9258924000,0.0029416403,-0.027322697,-7.617143e-05,0.0
9259124000,0.0027758535,-0.029438026,-0.00016329676,0.0
9259324000,0.0027309284,-0.029682338,-0.00026741077,0.0
9259524000,0.0024069555,-0.03483928,-0.00033570072,0.0
9259728000,0.002612807,-0.037484337,-0.0003428898,0.0
9259928000,0.002714246,-0.037566133,-0.00032806312,0.0
9260124000,0.002519584,-0.037756518,-0.00034632153,0.0
9260328000,0.0025662305,-0.03719996,-0.00035260417,0.0
9260528000,0.0024124593,-0.036293,-0.00032836315,0.0
9260728000,0.002362204,-0.03512661,-0.00034421208,0.0
9260924000,0.0022807075,-0.033733033,-0.00032598528,0.0
9261128000,0.0021434466,-0.032254424,-0.0002994919,0.0
9261328000,0.0021300535,-0.030499939,-0.00030692015,0.0
9261528000,0.0020502943,-0.028821608,-0.000293457,0.0
9261728000,0.0018791659,-0.02715697,-0.0002867918,0.0
9261928000,0.0018531518,-0.025614861,-0.00028524225,0.0
9262128000,0.0017436373,-0.023832291,-0.00029723218,0.0
9262328000,0.001765955,-0.0221354,-0.00027502212,0.0
9262528000,0.0015518572,-0.020503119,-0.0002598428,0.0
9262728000,0.0015665058,-0.019105043,-0.00022755352,0.0
9262928000,0.0014805616,-0.017722346,-0.00021553488,0.0
9263124000,0.0015023756,-0.016310131,-0.0002180449,0.0
9263328000,-0.0050556827,-0.006827646,4.543152e-05,0.0
9263528000,0.009973438,-0.02038704,-0.00053463836,0.0
9263724000,0.013354949,-0.018915808,-0.0010007706,0.0
9263928000,0.0023617106,-0.012815934,-0.0010399414,0.0
9264128000,0.00016765608,-0.01081592,-0.0008757713,0.0
9264324000,-0.0009115055,-0.009205897,-0.00066802837,0.0
9264528000,-0.002347139,-0.0076272683,-0.0004708159,0.0
9264724000,-0.0033901094,-0.006384359,-0.00029440288,0.0
9264928000,-0.0042801313,-0.0052577443,-0.00016609553,0.0
9265128000,-0.004829003,-0.0044338526,-6.965385e-05,0.0
9265328000,-0.005692639,-0.003535072,5.3480057e-05,0.0
9265528000,-0.006067042,-0.0029549957,0.0001513775,0.0
9265724000,-0.0065723243,-0.0024948167,0.00027135285,0.0
9265928000,-0.006944036,-0.0019918503,0.00033296164,0.0
9266124000,-0.007339106,-0.0016426084,0.00039664563,0.0
9266328000,-0.007466964,-0.0013369375,0.00050178845,0.0
9266528000,-0.007758311,-0.0011109343,0.0005689894,0.0
9266728000,-0.007975768,-0.00089278404,0.00063231535,0.0
9266928000,-0.008167205,-0.000776989,0.0006697998,0.0
9267124000,-0.008210757,-0.0006943093,0.0007131772,0.0
9267328000,-0.008398162,-0.00052738603,0.0007666994,0.0
9267524000,-0.0085871145,-0.00056996994,0.000817442,0.0
9267728000,-0.008585779,-0.0004803265,0.0008693183,0.0
9267928000,-0.008737921,-0.00043433052,0.0008803069,0.0
9268128000,-0.00879104,-0.0003357849,0.0009251824,0.0
9268328000,-0.0087544555,-0.00036814876,0.0009360993,0.0
9268528000,-0.008924015,-0.0004109895,0.0009813268,0.0
9268724000,-0.00900911,-0.0004852371,0.0010340562,0.0
9268928000,-0.008977705,-0.00048811038,0.0010269012,0.0
9269128000,-0.009106518,-0.00042681664,0.0010710479,0.0
9269324000,-0.009125579,-0.0005040329,0.0010697824,0.0
9269524000,-0.009084786,-0.0004938847,0.0011042192,0.0
9269728000,-0.00930029,-0.00052230974,0.001127912,0.0
9269924000,-0.009217525,-0.00053569826,0.0011500486,0.0
9270128000,-0.009248255,-0.0006041923,0.0011631148,0.0
9270328000,-0.009279003,-0.00060711015,0.0011700342,0.0
9270524000,-0.0093727745,-0.00055743405,0.0011810629,0.0
9270728000,-0.009256207,-0.00062742806,0.0011844086,0.0
9270928000,-0.009320259,-0.00050363474,0.0011812679,0.0
9271128000,-0.009442911,-0.0005712356,0.0011904585,0.0
9271328000,-0.009469899,-0.00054912566,0.001211672,0.0
9271524000,-0.009536234,-0.00051025714,0.0012247042,0.0
9271724000,-0.0094314385,-0.00050202815,0.0012203341,0.0
9271924000,-0.009554186,-0.0006075893,0.0012179893,0.0
9272124000,-0.009548865,-0.00038560704,0.0012211709,0.0
9272328000,-0.009582847,-0.00048468923,0.0012232924,0.0
9272524000,-0.009586125,-0.0003786903,0.0012469572,0.0
9272728000,-0.009663873,-0.0004593805,0.0012614165,0.0
9272928000,-0.009684978,-0.0003881516,0.00126287,0.0
9273128000,-0.009717294,-0.00044853304,0.0012643808,0.0
9273328000,-0.009699635,-0.00036593096,0.0012630698,0.0
9273528000,-0.009774495,-0.00042857803,0.0012710015,0.0
9273728000,-0.009783015,-0.00038615227,0.0012711177,0.0
9273924000,-0.011158286,-0.0021601904,0.001452807,0.0
9274128000,-0.009824452,-0.00019291411,0.0015026015,0.0
9274328000,-0.010319426,-0.00067553885,0.0015139193,0.0
9274528000,-0.010357303,-0.0009141109,0.0014666122,0.0
9274724000,-0.010175704,-0.0014975272,0.0015865675,0.0
9274924000,-0.01075635,0.0035020798,0.0017117158,0.0
9275124000,-0.01142941,0.008113993,0.0017724276,0.0
9275324000,-0.010056074,0.006989599,0.0015816618,0.0
9275528000,-0.010948958,0.0041128374,0.0015169356,0.0
9275728000,-0.010663784,0.0035527803,0.0014285368,0.0
9275928000,-0.010800766,0.0030819713,0.001347311,0.0
9276124000,-0.010797914,0.002643198,0.0012789726,0.0
9276324000,-0.01341889,0.0022712767,0.0012590812,0.0
9276528000,-0.009930838,0.0017559342,0.001227862,0.0
9276728000,-0.011065113,0.0009517307,0.0012129224,0.0
9276928000,-0.011197473,0.00048677574,0.0012352952,0.0
9277124000,-0.011654567,0.0004378962,0.0010632329,0.0
9277328000,-0.011406553,0.0010442792,0.00091475283,0.0
9277524000,-0.0109024,0.0009908488,0.000761493,0.0
9277728000,-0.010589708,0.0010692772,0.00064417726,0.0
9277928000,-0.009629933,0.0065524713,0.0007944669,0.0
9278128000,-0.010998551,0.003359037,0.0007046871,0.0
9278328000,-0.010267412,0.0033700394,0.00067591324,0.0
9278528000,-0.009820599,0.0029934659,0.0005843199,0.0
9278724000,-0.011284856,0.010280629,0.0008486977,0.0
9278928000,-0.0149268685,-0.0014135101,0.0003600871,0.0
9279124000,-0.0139615415,0.01165088,0.0007912404,0.0
9279328000,-0.0168869,0.0043292153,0.00081207213,0.0
9279528000,-0.014983419,0.0034870333,0.0008199819,0.0
9279728000,-0.013285566,0.0033662939,0.000745138,0.0
9279928000,-0.012057826,0.002541289,0.0007553231,0.0
9280128000,-0.011595939,0.0016647778,0.000741001,0.0
9280328000,-0.010912678,0.0011189849,0.0007385484,0.0
9280524000,-0.010523341,0.00070089026,0.00072905974,0.0
9280728000,-0.010053529,0.00042838306,0.0007610086,0.0
9280924000,-0.009898545,0.00014671961,0.0007567696,0.0
9281128000,-0.009651402,-4.484665e-05,0.000767174,0.0
9281328000,-0.009505171,-0.000287978,0.0007777746,0.0
9281528000,-0.009406562,-0.00037810256,0.0007789053,0.0
9281724000,-0.00940946,-0.00048543722,0.00077637605,0.0
9281924000,-0.009224049,-0.0006396989,0.0008049638,0.0
9282128000,-0.009394337,-0.00071441184,0.0007981338,0.0
9282328000,-0.009271106,-0.0007292111,0.00077770086,0.0
9282528000,-0.009277028,-0.0010150024,0.0007728085,0.0
9282724000,-0.00924134,-0.0010005076,0.0007639372,0.0
9282924000,-0.009251443,-0.0012204766,0.0007652089,0.0
9283124000,-0.009223142,-0.0012003783,0.0007855231,0.0
9283328000,-0.0092008645,-0.0014502135,0.00076705916,0.0
9283528000,-0.009093701,-0.001403905,0.0007972559,0.0
9283724000,-0.009130857,-0.0015328134,0.0007966611,0.0
9283928000,-0.009266809,-0.001102575,0.00094624644,0.0
9284128000,-0.008826263,-0.0013535471,0.0010531442,0.0
9284324000,-0.0090401,-0.0017699661,0.0011277306,0.0
9284528000,-0.009191878,-0.00175519,0.0011336418,0.0
9284728000,-0.009141886,-0.0017668965,0.001130314,0.0
9284928000,-0.009101917,-0.0013578258,0.0011681882,0.0
9285128000,-0.009381189,-0.0015074654,0.0011451133,0.0
9285328000,-0.009315073,-0.0013109696,0.0011616762,0.0
9285524000,-0.009165853,-0.0012868998,0.0011202219,0.0
9285728000,-0.009049179,-0.0010047206,0.0010876617,0.0
9285924000,-0.008975961,-0.00069455727,0.00104759,0.0
9286128000,-0.008972765,-0.00053839234,0.001053032,0.0
9286328000,-0.009180579,-0.0005677248,0.0010537215,0.0
9286528000,-0.009149919,-0.00065340183,0.0010592146,0.0
9286728000,-0.00925803,-0.00070161,0.0010690849,0.0
9286928000,-0.009453254,-0.00076496997,0.0010833802,0.0
9287128000,-0.009492517,-0.0008806804,0.0011287915,0.0
9287328000,-0.0095119495,-0.0010315316,0.0011766249,0.0
9287528000,-0.009829959,-0.0012457216,0.0011885536,0.0
9287728000,-0.00982101,-0.0014211162,0.0012395091,0.0
9287924000,-0.00994296,-0.0013562221,0.0012755732,0.0
9288128000,-0.010104972,-0.0016695356,0.0013340102,0.0
9288328000,-0.01006626,-0.0018332711,0.0013537137,0.0
9288524000,-0.010184823,-0.001781692,0.0013900145,0.0
9288728000,-0.0104225585,-0.0019239333,0.0014410777,0.0
9288928000,-0.010181498,-0.001993679,0.0014593743,0.0
9289128000,-0.010368409,-0.0021286479,0.001494198,0.0
9289328000,-0.010365935,-0.0022822325,0.0015120154,0.0
9289524000,-0.010380784,-0.0021832823,0.0015503776,0.0
9289724000,-0.010428703,-0.0021334274,0.0015975891,0.0
9289928000,-0.010358814,-0.002368223,0.0016361085,0.0
9290128000,-0.010487422,-0.0023039356,0.0016323817,0.0
9290328000,-0.010491433,-0.0024097213,0.001634728,0.0
9290528000,-0.010531474,-0.002218678,0.0016333255,0.0
9290728000,-0.01041139,-0.0023269502,0.0016361128,0.0
9290928000,-0.010419332,-0.0022708857,0.0016136578,0.0
9291128000,-0.010462955,-0.0021945906,0.0016259458,0.0
9291324000,-0.010588078,-0.002035027,0.001610602,0.0
9291524000,-0.010536806,-0.0018567493,0.0016208558,0.0
9291724000,-0.010500205,-0.0020013696,0.0016113941,0.0
9291928000,-0.010597582,-0.001878122,0.0016038911,0.0
9292128000,-0.0105265435,-0.0019174428,0.0015934004,0.0
9292324000,-0.010524314,-0.0018728694,0.0015813801,0.0
9292524000,-0.010520391,-0.0017454419,0.001592585,0.0
9292728000,-0.010545547,-0.0017320755,0.001601376,0.0
9292928000,-0.010646753,-0.0016246663,0.001581383,0.0
9293124000,-0.010680123,-0.0015053366,0.0015671243,0.0
9293324000,-0.0105678765,-0.0014166661,0.0015852327,0.0
9293528000,-0.010540195,-0.0014674542,0.0015569803,0.0
9293724000,-0.010623371,-0.0015320692,0.0015590574,0.0
9293928000,-0.010658281,-0.0014065607,0.0015499659,0.0
9294128000,-0.010500646,-0.0015072351,0.0015126887,0.0
9294328000,-0.01060335,-0.0014503049,0.0014917448,0.0
9294528000,-0.010607643,-0.0013407099,0.0014996262,0.0
9294728000,-0.010499533,-0.0013877372,0.0014988976,0.0
9294928000,-0.01066453,-0.0014432585,0.0014986045,0.0
9295128000,-0.010639963,-0.0014198736,0.0014913582,0.0
9295324000,-0.010707967,-0.0013804722,0.0015087903,0.0
9295524000,-0.010589077,-0.0013104895,0.0014977785,0.0
9295728000,-0.010590588,-0.0013273762,0.0014937241,0.0
9295924000,-0.010554075,-0.0013990893,0.0014730616,0.0
9296124000,-0.010557576,-0.001395226,0.001473812,0.0
9296328000,-0.010534907,-0.0013515793,0.0014620259,0.0
9296528000,-0.010658351,-0.001332914,0.0014705255,0.0
9296728000,-0.010615441,-0.0013205467,0.0014741549,0.0
9296928000,-0.010543489,-0.0013119389,0.0014767206,0.0
9297128000,-0.01062937,-0.0012932818,0.001438551,0.0
9297328000,-0.01054089,-0.0014307909,0.0014441942,0.0
9297528000,-0.01066072,-0.0011571627,0.0014616442,0.0
9297728000,-0.010516848,-0.0013016644,0.0014261858,0.0
9297924000,-0.010556461,-0.0012911049,0.0014239823,0.0
9298128000,-0.0106183635,-0.0011538967,0.0014155078,0.0
9298324000,-0.010536674,-0.0013084639,0.0014118962,0.0
9298524000,-0.010602147,-0.001141831,0.0013984476,0.0
9298728000,-0.010582092,-0.001282073,0.0014205857,0.0
9298928000,-0.010534243,-0.001301859,0.0014163741,0.0
9299124000,-0.010576422,-0.0011394529,0.0014275839,0.0
9299328000,-0.010578851,-0.0011677768,0.0013988797,0.0
9299528000,-0.010461652,-0.0012772427,0.0014051565,0.0
9299728000,-0.010499287,-0.0011574822,0.0013937714,0.0
9299928000,-0.010505168,-0.0012296791,0.0014090018,0.0
9300128000,-0.01038871,-0.0013266533,0.0013888106,0.0
9300328000,-0.010510547,-0.0012519803,0.0013982671,0.0
9300528000,-0.0104793105,-0.001273215,0.0013565837,0.0
9300728000,-0.010367802,-0.0012403494,0.0013529564,0.0
9300928000,-0.010435404,-0.0013994403,0.0013263363,0.0
9301124000,-0.010364575,-0.0012672357,0.0013268174,0.0
9301328000,-0.010418275,-0.0013360004,0.0013482175,0.0
9301524000,-0.010408341,-0.0013525346,0.001345839,0.0
9301728000,-0.010413386,-0.0014551512,0.0013293618,0.0
9301928000,-0.01037762,-0.0013182698,0.0013459006,0.0
9302128000,-0.010443664,-0.0014093738,0.0013660139,0.0
9302328000,-0.01046794,-0.0014567969,0.0013820136,0.0
9302528000,-0.010435938,-0.0014091288,0.001366339,0.0
9302724000,-0.010440654,-0.0014011908,0.0013689589,0.0
9302928000,-0.010408454,-0.0014146972,0.0013671361,0.0
9303124000,-0.010395953,-0.0014712985,0.0013650418,0.0
9303328000,-0.010373545,-0.0013440093,0.0013585235,0.0
9303524000,-0.010479151,-0.0014053909,0.0013561698,0.0
9303728000,-0.010434794,-0.0014172804,0.001356143,0.0
9303928000,-0.0104696285,-0.0014154677,0.0013841548,0.0
9304124000,-0.010426082,-0.0013382854,0.0014133718,0.0
9304324000,-0.010346371,-0.0013359325,0.0014112572,0.0
9304528000,-0.010487165,-0.0014235869,0.0014202037,0.0
9304728000,-0.010313001,-0.0013736475,0.0014341776,0.0
9304928000,-0.010387992,-0.0013361603,0.0014188512,0.0
9305128000,-0.0104208635,-0.0013134937,0.0014413479,0.0
9305328000,-0.010402694,-0.0013647286,0.0014465483,0.0
9305528000,-0.01044808,-0.001347632,0.0014408173,0.0
9305728000,-0.01043124,-0.0012362158,0.0014129601,0.0
9305924000,-0.0103862705,-0.001159884,0.0014244921,0.0
9306128000,-0.010355901,-0.001240183,0.0014191119,0.0
9306324000,-0.010366992,-0.0012201171,0.0013909424,0.0
9306528000,-0.010411322,-0.0011666742,0.0013953487,0.0
9306728000,-0.01045097,-0.0012132133,0.0014206432,0.0
9306924000,-0.010514668,-0.0013106384,0.0014155197,0.0
9307124000,-0.010504538,-0.0012442018,0.0014111134,0.0
9307324000,-0.010410773,-0.0011630658,0.0014185163,0.0
9307524000,-0.010588471,-0.0011361692,0.0014280617,0.0
9307724000,-0.010501452,-0.0011166714,0.0014312626,0.0
9307924000,-0.010520877,-0.00108206,0.0014181593,0.0
9308128000,-0.010642443,-0.0012123522,0.0014197362,0.0
9308328000,-0.01058294,-0.0011498809,0.0014455857,0.0
9308528000,-0.010459616,-0.001137931,0.0014507361,0.0
9308728000,-0.010653744,-0.0011355743,0.0014278495,0.0
9308928000,-0.01068309,-0.0010536857,0.0014416245,0.0
9309124000,-0.01051292,-0.0010853632,0.001466267,0.0
9309328000,-0.01071457,-0.0010637458,0.0014393344,0.0
9309528000,-0.010646718,-0.001121861,0.0014632475,0.0
9309728000,-0.010671485,-0.001122145,0.001448612,0.0
9309928000,-0.010640612,-0.0011549304,0.001476164,0.0
9310128000,-0.010630326,-0.0010205159,0.0014600157,0.0
9310324000,-0.010637344,-0.0011194219,0.0014707837,0.0
9310528000,-0.010640544,-0.0010281446,0.0014735487,0.0
9310728000,-0.010626504,-0.001195138,0.0014959798,0.0
9310928000,-0.010751625,-0.0011134439,0.001462563,0.0
9311128000,-0.010699842,-0.0011326075,0.0014623229,0.0
9311324000,-0.010651184,-0.0011633366,0.001450259,0.0
9311524000,-0.01071406,-0.001120466,0.0014427298,0.0
9311724000,-0.010708047,-0.0011992197,0.0014422265,0.0
9311924000,-0.0106384745,-0.0012330735,0.0014502278,0.0
9312128000,-0.0107598305,-0.0013278351,0.0014612888,0.0
9312328000,-0.010710606,-0.0011797686,0.0014718539,0.0
9312528000,-0.01078406,-0.0012970559,0.0014639845,0.0
9312724000,-0.010892734,-0.0012523745,0.0014734525,0.0
9312928000,-0.010751778,-0.0013085492,0.0014719283,0.0
9313124000,-0.010771188,-0.0014477994,0.0014877135,0.0
9313328000,-0.01090542,-0.001329677,0.00150082,0.0
9313528000,-0.010122879,0.0048923353,0.0017576051,0.0
9313728000,-0.0104576405,0.0007347618,0.0017556362,0.0
9313928000,-0.011085196,7.345249e-05,0.0017730347,0.0
9314124000,-0.010920696,2.2592216e-05,0.0017233973,0.0
9314324000,-0.010597774,0.00016460464,0.0016774207,0.0
9314524000,-0.010339219,0.0009618928,0.0017029138,0.0
9314724000,-0.010582925,-0.0012841478,0.0019766244,0.0
9314928000,-0.010717477,-0.0009783818,0.0021749265,0.0
9315124000,-0.010684793,0.004270864,0.0024232485,0.0
9315328000,-0.010464004,0.002227027,0.002580282,0.0
9315528000,-0.011193712,0.00017871881,0.002435705,0.0
9315728000,-0.010678685,0.0009992266,0.0021515237,0.0
9315928000,-0.010082868,0.0011977992,0.001906012,0.0
9316128000,-0.01002045,0.0010651129,0.0017058165,0.0
9316328000,-0.010130224,0.0007221965,0.0016178433,0.0
9316528000,-0.01022752,0.00037038082,0.0015567534,0.0
9316724000,-0.010173592,-0.00015263786,0.0015188298,0.0
9316928000,-0.01048685,-0.000746454,0.0014940852,0.0
9317124000,-0.010739501,-0.0012153684,0.0014856987,0.0
9317328000,-0.010841462,-0.0018409855,0.0015086022,0.0
9317528000,-0.010888586,-0.0021753733,0.0015256583,0.0
9317728000,-0.011022971,-0.00237482,0.0015505177,0.0
9317924000,-0.011295886,-0.0026363886,0.0015896702,0.0
9318128000,-0.011100992,-0.002729453,0.0016037618,0.0
9318324000,-0.011241222,-0.0027943223,0.001600485,0.0
9318528000,-0.011258319,-0.0028143444,0.0015905097,0.0
9318728000,-0.011237416,-0.0028295144,0.0015924374,0.0
9318928000,-0.01128743,-0.0030278147,0.0016179912,0.0
9319124000,-0.011102125,-0.0029006477,0.0016239199,0.0
9319328000,-0.011177782,-0.0027754784,0.0016206852,0.0
9319524000,-0.0110430885,-0.0026592643,0.0015978224,0.0
9319728000,-0.010993886,-0.0024615498,0.0015984267,0.0
9319928000,-0.010892141,-0.0022269408,0.0015611362,0.0
9320128000,-0.010951046,-0.0021282232,0.0015714954,0.0
9320328000,-0.010905338,-0.001912665,0.0015762716,0.0
9320524000,-0.01078733,-0.0019324656,0.0015755796,0.0
9320728000,-0.010773429,-0.0019983079,0.0015774624,0.0
9320928000,-0.010926249,-0.0017897044,0.001574233,0.0
9321124000,-0.010888496,-0.001715224,0.0015563597,0.0
9321328000,-0.010729492,-0.0015406647,0.0015451694,0.0
9321524000,-0.010798323,-0.0015374956,0.0015433431,0.0
9321724000,-0.010792746,-0.0015761252,0.0015722465,0.0
9321928000,-0.010802553,-0.0014518143,0.0015573124,0.0
9322128000,-0.010887253,-0.0012437095,0.0015471168,0.0
9322324000,-0.010781675,-0.0013313462,0.0015670289,0.0
9322528000,-0.0109275775,-0.0014609746,0.0015386775,0.0
9322724000,-0.010935078,-0.0011850629,0.0015448901,0.0
9322924000,-0.010956483,-0.0010342249,0.0015334212,0.0
9323128000,-0.010845994,-0.0009932357,0.0015331692,0.0
9323324000,-0.010869511,-0.0010957435,0.0015763745,0.0
9323528000,-0.0110549675,-0.0010278537,0.0015613139,0.0
9323728000,-0.011060015,-0.0008754135,0.0015539855,0.0
9323928000,-0.010779164,-0.00086071715,0.0015578261,0.0
9324128000,-0.010864076,-0.0007416015,0.0015538122,0.0
9324328000,-0.010922404,-0.00073018036,0.0015661698,0.0
9324528000,-0.0110253515,-0.00076871866,0.001576711,0.0
9324728000,-0.010908434,-0.000682383,0.001570888,0.0
9324928000,-0.01106744,-0.0004885813,0.0015511626,0.0
9325128000,-0.010940981,-0.00033630972,0.0015277634,0.0
9325328000,-0.01101963,-0.0001620492,0.0015371863,0.0
9325528000,-0.010983849,-0.00018501894,0.0015293902,0.0
9325728000,-0.010960918,-0.00021782171,0.0015279497,0.0
9325928000,-0.010738211,-0.00031181148,0.0015034953,0.0
9326128000,-0.010994314,-0.000162794,0.0014872988,0.0
9326328000,-0.010707741,-0.00014882114,0.0014933939,0.0
9326524000,-0.01074687,-0.00027350915,0.0014789372,0.0
9326728000,-0.010811759,-0.0004049447,0.0014528821,0.0
9326928000,-0.010736533,-5.3918837e-05,0.0014671017,0.0
9327124000,-0.010753782,-0.00026603517,0.0014442111,0.0
9327324000,-0.010590873,-0.00034310788,0.0014301279,0.0
9327528000,-0.010392267,-0.00039261775,0.0014436729,0.0
9327728000,-0.010459759,-0.00043642317,0.001426484,0.0
9327928000,-0.010463029,-0.00047519268,0.0014015916,0.0
9328128000,-0.010432959,-0.0005228086,0.0014298888,0.0
9328324000,-0.010463546,-0.0007144112,0.0014163603,0.0
9328528000,-0.010434214,-0.0008289797,0.0014281437,0.0
9328728000,-0.010417503,-0.00089975836,0.001436566,0.0
9328928000,-0.010391947,-0.001028295,0.0014438672,0.0
9329124000,-0.010428571,-0.00095820165,0.0014097783,0.0
9329328000,-0.010316894,-0.00093083817,0.0014207679,0.0
9329528000,-0.010437646,-0.0010165628,0.0014349621,0.0
9329724000,-0.010515545,-0.0010930031,0.0014442105,0.0
9329928000,-0.010501214,-0.00114821,0.0014633926,0.0
9330128000,-0.010502986,-0.0013389398,0.0014624263,0.0
9330324000,-0.01031959,-0.0014757108,0.0014736988,0.0
9330528000,-0.010460473,-0.0013400094,0.0014908339,0.0
9330728000,-0.010528136,-0.0011253341,0.0014797212,0.0
9330928000,-0.010516996,-0.0013292382,0.001469119,0.0
9331128000,-0.010517169,-0.0013730343,0.001465236,0.0
9331328000,-0.0105607165,-0.001176397,0.0014719777,0.0
9331528000,-0.010575742,-0.0010897433,0.00145491,0.0
9331728000,-0.010568063,-0.001104294,0.0014473157,0.0
9331928000,-0.01056193,-0.0012050484,0.0014674007,0.0
9332124000,-0.010691093,-0.0011053683,0.0014768734,0.0
9332328000,-0.010672957,-0.0011434619,0.001484575,0.0
9332524000,-0.010692965,-0.0011898659,0.0014562927,0.0
9332728000,-0.010641151,-0.0010708234,0.0014766692,0.0
9332924000,-0.010787777,-0.0011158865,0.0014902828,0.0
9333128000,-0.010714501,-0.0011605765,0.0014772259,0.0
9333324000,-0.010689448,-0.0011480892,0.0014805471,0.0
9333528000,-0.010790806,-0.0011167902,0.0014968478,0.0
9333728000,-0.010761373,-0.0010416352,0.0014853039,0.0
9333928000,-0.010658665,-0.0010758014,0.0014706288,0.0
9334128000,-0.010652665,-0.0010962414,0.0014609206,0.0
9334328000,-0.0107553555,-0.00097273977,0.0014698579,0.0
9334528000,-0.01064567,-0.0010268049,0.0014849163,0.0
9334728000,-0.010685773,-0.0010720865,0.0014690097,0.0
9334928000,-0.010713005,-0.0010967719,0.0014672157,0.0
9335124000,-0.0106282225,-0.00095439295,0.0014600398,0.0
9335328000,-0.010650513,-0.0010167876,0.0014572188,0.0
9335524000,-0.010770301,-0.0008780218,0.0014654142,0.0
9335724000,-0.010803783,-0.0009197816,0.0014741443,0.0
9335928000,-0.010686876,-0.0008352667,0.0014757629,0.0
9336124000,-0.010797177,-0.0009477721,0.00147023,0.0
9336328000,-0.010859818,-0.0008978334,0.0014734786,0.0
9336528000,-0.010853751,-0.0009338249,0.0014509314,0.0
9336728000,-0.010737415,-0.0009680153,0.0014535122,0.0
9336928000,-0.010749464,-0.00094149885,0.0014391427,0.0
9337124000,-0.010883034,-0.0008146282,0.0014367752,0.0
9337324000,-0.01083396,-0.00094146724,0.0014430898,0.0
9337528000,-0.010845569,-0.0008371412,0.0014340424,0.0
9337728000,-0.010891261,-0.0007041394,0.0014257525,0.0
9337928000,-0.010882592,-0.0007409934,0.001432938,0.0
9338128000,-0.01077836,-0.0007598038,0.0014565508,0.0
9338328000,-0.010895987,-0.0008826635,0.0014694509,0.0
9338524000,-0.010892443,-0.0008412367,0.001477631,0.0
9338724000,-0.010924634,-0.0009092974,0.0014577988,0.0
9338928000,-0.010915136,-0.0008023997,0.0014801463,0.0
9339128000,-0.010859995,-0.0009204994,0.001461833,0.0
9339328000,-0.010867696,-0.0008301045,0.0014576335,0.0
9339528000,-0.010839708,-0.00080206554,0.0014887949,0.0
9339728000,-0.0108691575,-0.00085315155,0.0014813124,0.0
9339928000,-0.010844658,-0.00091816473,0.0015281345,0.0
9340128000,-0.010806368,-0.0009373237,0.0015025033,0.0
9340328000,-0.010900544,-0.00084999664,0.0015204268,0.0
9340528000,-0.010775894,-0.0008787848,0.0015152608,0.0
9340728000,-0.0107865445,-0.0008133465,0.0015163814,0.0
9340928000,-0.010773766,-0.0009778454,0.001503514,0.0
9341128000,-0.010834096,-0.000921672,0.0014855067,0.0
9341328000,-0.01083816,-0.0008537649,0.0014808591,0.0
9341528000,-0.01081531,-0.00075950177,0.001459715,0.0
9341728000,-0.010673166,-0.00075323,0.0014690149,0.0
9341928000,-0.010772155,-0.000792196,0.0014692795,0.0
9342128000,-0.010692544,-0.00071826356,0.0014656405,0.0
9342328000,-0.010718134,-0.0008464234,0.0014793193,0.0
9342524000,-0.010710864,-0.0007809177,0.0014568173,0.0
9342728000,-0.010721972,-0.0008356967,0.0014604368,0.0
9342928000,-0.010714539,-0.0007292592,0.0014677088,0.0
9343128000,-0.0107017895,-0.0008636345,0.0014682304,0.0
9343324000,-0.010673242,-0.00081008644,0.0014672243,0.0
9343528000,-0.010675999,-0.00084257615,0.0014609426,0.0
9343724000,-0.0107277585,-0.0008355897,0.0014800688,0.0
9343928000,-0.010771434,-0.00072492094,0.0014685459,0.0
9344128000,-0.010664267,-0.0007885521,0.0014905633,0.0
9344328000,-0.010666252,-0.0007539293,0.0014718369,0.0
9344528000,-0.010667504,-0.0006935544,0.0014587167,0.0
9344728000,-0.010705653,-0.0008007832,0.0014693221,0.0
9344928000,-0.01075659,-0.00065103685,0.0014719984,0.0
9345128000,-0.010688215,-0.00080281834,0.0014579006,0.0
9345328000,-0.010715958,-0.00063762546,0.0014792837,0.0
9345528000,-0.010709141,-0.00078370963,0.0014611527,0.0
9345728000,-0.010682427,-0.0007893952,0.0014724884,0.0
9345928000,-0.010705816,-0.000767,0.0014538312,0.0
9346128000,-0.010727783,-0.00067309814,0.0014753832,0.0
9346328000,-0.010732442,-0.0006827353,0.0014595907,0.0
9346528000,-0.0107758865,-0.0006908913,0.0014883375,0.0
9346728000,-0.010780797,-0.00064210687,0.001472875,0.0
9346924000,-0.010787027,-0.00073872815,0.0014574317,0.0
9347128000,-0.010745841,-0.0006672711,0.0014500674,0.0
9347328000,-0.010708504,-0.000622878,0.0014568925,0.0
9347528000,-0.010772614,-0.0006207187,0.0014504509,0.0
9347724000,-0.010818613,-0.0006659117,0.0014365328,0.0
9347928000,-0.0107836025,-0.0006069197,0.0014292287,0.0
9348128000,-0.010649756,-0.00053252786,0.0014401594,0.0
9348328000,-0.010830813,-0.0006169511,0.0014596035,0.0
9348528000,-0.010700678,-0.0006996829,0.001445761,0.0
9348724000,-0.010779186,-0.00066714856,0.0014456526,0.0
9348924000,-0.010717764,-0.000598937,0.0014635569,0.0
9349128000,-0.010890524,-0.00061613746,0.0014760252,0.0
9349328000,-0.010739123,-0.0006611957,0.001444976,0.0
9349524000,-0.010790191,-0.0005688186,0.0014521319,0.0
9349728000,-0.010811304,-0.0006591821,0.0014577232,0.0
9349928000,-0.010809066,-0.00056345505,0.0014544617,0.0
9350124000,-0.010831937,-0.0005627774,0.0014424244,0.0
9350324000,-0.010907653,-0.0005892742,0.0014782808,0.0
9350524000,-0.010916758,-0.0006355,0.0014589872,0.0
9350728000,-0.010863027,-0.0006532294,0.0014674803,0.0
9350928000,-0.010851057,-0.00055520365,0.0015000134,0.0
9351128000,-0.010923779,-0.00063908845,0.0014870669,0.0
9351328000,-0.010958705,-0.00063606666,0.0014888179,0.0
9351528000,-0.011046635,-0.0005254795,0.0014936171,0.0
9351728000,-0.012022362,-0.0006431247,0.0016255607,0.0
9351928000,-0.010363384,-0.0004027968,0.0017359321,0.0
9352128000,-0.01122671,-0.0010698559,0.0018819388,0.0
9352324000,-0.011029975,0.0075237905,0.0019419739,0.0
9352528000,-0.011510672,0.0075091496,0.0019783652,0.0
9352728000,-0.011976039,0.0065281303,0.0018865005,0.0
9352924000,-0.011718369,0.0047904355,0.0017758005,0.0
9353124000,-0.011179193,0.0041154483,0.0017059776,0.0
9353328000,-0.0111414315,0.0034905109,0.0016576889,0.0
9353524000,-0.011023297,0.0027861795,0.0015850826,0.0
9353724000,-0.011018594,0.0022328352,0.0015548753,0.0
9353924000,-0.010873035,0.0020761627,0.0015334032,0.0
9354128000,-0.010928245,0.0017940215,0.0015035277,0.0
9354328000,-0.011046993,0.0018382712,0.001500495,0.0
9354528000,-0.010930268,0.0016601832,0.0015028552,0.0
9354724000,-0.0109403515,0.0013981165,0.0014951287,0.0
9354928000,-0.010945223,0.0011630213,0.0014806292,0.0
9355124000,-0.010797133,0.0011697324,0.0014872262,0.0
9355324000,-0.010807953,0.0010676287,0.0014961751,0.0
9355524000,-0.01078225,0.0011862067,0.0015160512,0.0
9355728000,-0.010689573,0.0007979426,0.001514066,0.0
9355928000,-0.010605516,0.0007508031,0.0015190223,0.0
9356124000,-0.010529385,0.0005546945,0.0015088959,0.0
9356328000,-0.012945545,0.0021126491,0.0017112212,0.0
9356524000,-0.009511888,-0.00060681306,0.0018021464,0.0
9356728000,-0.011368615,0.0051872907,0.0017932998,0.0
9356928000,-0.019263813,0.004133307,0.001031207,0.0
9357128000,0.00041503622,0.0014511882,0.0015668294,0.0
9357328000,-0.004683541,0.01801895,0.008083088,0.0
9357528000,-0.010559697,0.03007137,0.0044449843,0.0
9357728000,-0.008919919,0.018587232,0.00062022527,0.0
9357928000,-0.0049433773,0.0055683767,-0.001038681,0.0
9358128000,-0.0039600437,0.00075606076,-0.0015412268,0.0
9358328000,-0.0050339466,-0.0030491555,-0.0018109301,0.0
9358524000,-0.0059524802,-0.0064227353,-0.00202686,0.0
9358728000,-0.006604529,-0.0075506843,-0.0021058465,0.0
9358928000,-0.0069535985,-0.009523753,-0.002061004,0.0
9359128000,-0.007550364,-0.010026985,-0.001916047,0.0
9359324000,-0.00804649,-0.009277409,-0.0016968233,0.0
9359528000,-0.008446659,-0.0073216115,-0.0014075405,0.0
9359728000,-0.009068868,-0.00515381,-0.001139726,0.0
9359928000,-0.009557461,-0.0029663402,-0.0008778099,0.0
9360128000,-0.00986174,-0.000669939,-0.00063824694,0.0
9360328000,-0.010506063,0.0014291456,-0.00044537004,0.0
9360528000,-0.011116399,0.0033150592,-0.00029760893,0.0
9360728000,-0.0115833115,0.004562666,-0.00016682215,0.0
9360928000,-0.012176531,0.0058102305,-1.1267512e-05,0.0
9361128000,-0.0125222625,0.0067759426,0.0001227044,0.0
9361328000,-0.013029501,0.0076329354,0.00021355468,0.0
9361528000,-0.013757872,0.008449501,0.00035226607,0.0
9361724000,-0.014276409,0.0070865317,0.00067073514,0.0
9361928000,-0.014385351,0.007090964,0.0010013949,0.0
9362128000,-0.0139441965,0.008560722,0.001147043,0.0
9362324000,-0.014264328,0.008274739,0.0013007273,0.0
9362528000,-0.014331609,0.007261427,0.0014480915,0.0
9362728000,-0.014323534,0.006526897,0.0015391061,0.0
9362924000,-0.0142626325,0.0053378684,0.0016361912,0.0
9363128000,-0.014163425,0.004279641,0.0017608042,0.0
9363328000,-0.01403794,0.0034945966,0.0019096868,0.0
9363528000,-0.013828306,0.0022678773,0.0020884003,0.0
9363728000,-0.01367223,0.0008265045,0.002273178,0.0
9363924000,-0.013315107,-0.00034687755,0.0024206766,0.0
9364128000,-0.013135493,-0.0014624055,0.0025493035,0.0
9364328000,-0.012767259,-0.0023774505,0.0026396692,0.0
9364528000,-0.012334102,-0.0027753299,0.0026838488,0.0
9364724000,-0.012145817,-0.003208359,0.0027233735,0.0
9364924000,-0.011698789,-0.0034182197,0.002726689,0.0
9365124000,-0.011591246,-0.0037250163,0.0027429312,0.0
9365328000,-0.011113613,-0.0035423862,0.0027310357,0.0
9365528000,-0.010969876,-0.0035798026,0.0027266005,0.0
9365728000,-0.010734961,-0.0034428015,0.002717501,0.0
9365928000,-0.01055385,-0.0031522815,0.002678006,0.0
9366128000,-0.010419669,-0.0028204147,0.0026394804,0.0
9366324000,-0.010241882,-0.0025420196,0.002605677,0.0
9366528000,-0.010185627,-0.0022505317,0.0025704538,0.0
9366728000,-0.010206454,-0.0018822437,0.0025307527,0.0
9366924000,-0.010176872,-0.0015152466,0.0025068254,0.0
9367128000,-0.0101945875,-0.0012961476,0.0024776885,0.0
9367328000,-0.009949596,-0.0009943562,0.0024330486,0.0
9367528000,-0.010162761,-0.00090259546,0.0023963938,0.0
9367728000,-0.010173244,-0.0007540448,0.002382508,0.0
9367928000,-0.010144431,-0.00060726923,0.0023572776,0.0
9368124000,-0.010091812,-0.0001147001,0.0023271425,0.0
9368328000,-0.010090244,-3.792005e-05,0.0022800954,0.0
9368528000,-0.010148004,0.00014952633,0.0022805447,0.0
9368728000,-0.010187648,0.00026171058,0.0022769715,0.0
9368928000,-0.010289456,0.00025582116,0.002252584,0.0
9369128000,-0.010225072,0.00047422602,0.0022226654,0.0
9369328000,-0.010355722,0.0006208385,0.0021849703,0.0
9369524000,-0.010469385,0.000616267,0.002177034,0.0
9369728000,-0.010344811,0.0005800802,0.0021576285,0.0
9369928000,-0.010470125,0.0005667553,0.002160542,0.0
9370124000,-0.010442745,0.00057992054,0.0021032132,0.0
9370328000,-0.01059415,0.0007405325,0.0021004367,0.0
9370528000,-0.010589669,0.00076180475,0.0020568867,0.0
9370728000,-0.010574091,0.00080185256,0.0020301044,0.0
9370928000,-0.010631552,0.0006546807,0.002031537,0.0
9371128000,-0.010640485,0.0006718426,0.0020090991,0.0
9371328000,-0.010707776,0.00060667016,0.0019831532,0.0
9371528000,-0.010562364,0.00070249545,0.0019569106,0.0
9371724000,-0.010618251,0.00061273406,0.0019398882,0.0
9371928000,-0.010674946,0.0005397917,0.0019336555,0.0
9372128000,-0.010611057,0.00035903451,0.0018752445,0.0
9372324000,-0.010612779,0.00043484388,0.0018421963,0.0
9372528000,-0.010626466,0.0005923003,0.0017872744,0.0
9372728000,-0.010705627,0.0005045401,0.0017711745,0.0
9372924000,-0.010759303,0.0003596635,0.0017399461,0.0
9373128000,-0.010739571,0.00033214263,0.0017115024,0.0
9373324000,-0.010718785,0.00053875375,0.0016848533,0.0
9373528000,-0.010743506,0.000567429,0.0016344095,0.0
9373724000,-0.010707202,0.00047937126,0.0016417191,0.0
9373928000,-0.010828795,0.0005192489,0.0016100496,0.0
9374124000,-0.010717016,0.00049452856,0.0015937863,0.0
9374324000,-0.010763966,0.00050975615,0.0015921484,0.0
9374528000,-0.010862828,0.00057852606,0.0015800952,0.0
9374724000,-0.010730471,0.0006531642,0.00156292,0.0
9374924000,-0.010684128,0.0005972347,0.0015547477,0.0
9375124000,-0.010675001,0.0005700977,0.001537247,0.0
9375328000,-0.010696375,0.0005268296,0.0015321532,0.0
9375528000,-0.0107283015,0.0005788106,0.001479355,0.0
9375728000,-0.010670609,0.00048048937,0.0014824148,0.0
9375928000,-0.010663964,0.00048591231,0.0014601159,0.0
9376124000,-0.010580991,0.00042737508,0.0014450954,0.0
9376328000,-0.010639206,0.00042797637,0.001419419,0.0
9376528000,-0.010627069,0.00042578418,0.001388258,0.0
9376728000,-0.010638275,0.00030373226,0.0014005189,0.0
9376924000,-0.010589206,0.000226619,0.0014016349,0.0
9377128000,-0.010625524,0.00029609966,0.0013977173,0.0
9377328000,-0.010506465,0.00034554186,0.0013935833,0.0
9377528000,-0.010583552,0.00025782798,0.0013473419,0.0
9377728000,-0.010448465,0.00038839076,0.0013454811,0.0
9377928000,-0.010495864,0.00024689693,0.0013095443,0.0
9378128000,-0.0106047625,0.00026305678,0.0012984192,0.0
9378328000,-0.01046078,0.00010890117,0.001307912,0.0
9378528000,-0.010591584,0.00028550546,0.0013116415,0.0
9378724000,-0.010548994,0.00018909588,0.001298909,0.0
9378928000,-0.010606209,0.0002739012,0.0012766027,0.0
9379128000,-0.0106044505,7.416326e-05,0.0012964178,0.0
9379324000,-0.010635981,0.00012467381,0.0012910247,0.0
9379528000,-0.010685382,-1.6079788e-05,0.0012767988,0.0
9379728000,-0.010651877,9.9492565e-05,0.0012844007,0.0
9379928000,-0.010636954,0.00012901779,0.001276263,0.0
9380128000,-0.0107193375,9.281801e-05,0.0013004974,0.0
9380328000,-0.010663992,6.344355e-05,0.0012590566,0.0
9380528000,-0.01083345,9.8924065e-05,0.0012896665,0.0
9380728000,-0.010669902,-9.0072506e-05,0.0012877614,0.0
9380928000,-0.010715828,-3.984409e-05,0.0012888382,0.0
9381128000,-0.010809214,5.5491822e-05,0.0013048192,0.0
9381328000,-0.010752336,4.9906226e-05,0.0012916015,0.0
9381528000,-0.01089484,1.1696463e-05,0.001299999,0.0
9381724000,-0.010734386,-5.5329463e-05,0.0012991774,0.0
9381928000,-0.010906029,7.904248e-05,0.0012972822,0.0
9382124000,-0.010809519,4.0881827e-05,0.0012852837,0.0
9382328000,-0.010806758,-5.2642714e-05,0.0012945795,0.0
9382524000,-0.010785878,5.620369e-05,0.0012866044,0.0
9382728000,-0.010842563,0.00011352424,0.0012780535,0.0
9382928000,-0.010862457,-1.0423416e-06,0.0012780285,0.0
9383124000,-0.010875764,0.00011953721,0.0012943895,0.0
9383328000,-0.010870513,1.4430125e-05,0.0012804326,0.0
9383528000,-0.011006899,-0.00010544202,0.0012946611,0.0
9383724000,-0.010823493,3.564049e-05,0.0012716957,0.0
9383924000,-0.010871887,5.9369304e-06,0.0012916151,0.0
9384124000,-0.010897497,-9.831345e-05,0.0013045587,0.0
9384328000,-0.010883286,-9.137826e-06,0.001334248,0.0
9384528000,-0.0108653,-4.43971e-05,0.0013210252,0.0
9384728000,-0.010922599,-0.00011443141,0.0013325224,0.0
9384928000,-0.010904557,-9.752127e-05,0.0013253221,0.0
9385128000,-0.010916926,-1.7294438e-05,0.0013323913,0.0
9385328000,-0.010881871,-8.543242e-05,0.0013498531,0.0
9385528000,-0.010938717,-6.162191e-05,0.0013486262,0.0
9385728000,-0.010909739,-2.9615781e-05,0.0013426833,0.0
9385928000,-0.010840749,-8.783793e-05,0.0013314281,0.0
9386124000,-0.010813638,4.5884728e-05,0.0013287768,0.0
9386328000,-0.010870353,2.0869984e-05,0.001337085,0.0
9386524000,-0.010846774,1.9588704e-05,0.0013507745,0.0
9386724000,-0.010801612,0.0001719661,0.0013497648,0.0
9386924000,-0.010828742,0.000225733,0.0013560486,0.0
9387128000,-0.01085095,0.00012398814,0.0013299054,0.0
9387328000,-0.0108229965,7.811561e-05,0.0013169262,0.0
9387528000,-0.010866838,0.00018502783,0.0012894511,0.0
9387724000,-0.010807375,8.590096e-05,0.0013163495,0.0
9387928000,-0.010878017,0.000120002405,0.001328284,0.0
9388128000,-0.010782021,0.00012486613,0.0013207981,0.0
9388328000,-0.010803613,0.00016245621,0.0013004583,0.0
9388524000,-0.010814275,4.018771e-05,0.0013018422,0.0
9388728000,-0.010897831,0.00025766777,0.0013144921,0.0
9388928000,-0.010926098,0.00011658761,0.001333699,0.0
9389128000,-0.010922383,-3.327729e-05,0.0013247641,0.0
9389324000,-0.010914007,0.00018632728,0.001334921,0.0
9389524000,-0.010867611,0.00010763665,0.0013693905,0.0
9389728000,-0.010928585,0.000119833516,0.0013554392,0.0
9389928000,-0.010964066,7.255641e-05,0.0013383583,0.0
9390128000,-0.010975084,-0.00010859382,0.0013662851,0.0
9390328000,-0.010938081,2.640903e-05,0.0013691876,0.0
9390524000,-0.010966874,6.305489e-05,0.0013578726,0.0
9390728000,-0.010957046,3.050562e-06,0.0013575092,0.0
9390924000,-0.010905339,-3.8689992e-05,0.0013586723,0.0
9391128000,-0.0110002905,0.00011363255,0.0013516005,0.0
9391328000,-0.010949488,-2.5854646e-05,0.0013516424,0.0
9391528000,-0.010898064,3.7742484e-05,0.0013352879,0.0
9391728000,-0.010951148,5.356934e-05,0.0013462163,0.0
9391928000,-0.0110518,3.4679255e-05,0.0013552671,0.0
9392124000,-0.0109574115,-0.00012576694,0.0013498522,0.0
9392328000,-0.011002699,-0.00019451117,0.0013318168,0.0
9392524000,-0.010862179,-0.00014438319,0.001332217,0.0
9392724000,-0.010898408,-0.00014052067,0.0013215651,0.0
9392928000,-0.011082507,-0.00019669435,0.0013391259,0.0
9393124000,-0.010947441,-0.00023498037,0.0013368307,0.0
9393328000,-0.010880434,-0.00018384079,0.001327939,0.0
9393524000,-0.010946896,-0.00020377224,0.0013403267,0.0
9393724000,-0.010951761,-0.00015987751,0.001340152,0.0
9393928000,-0.010884313,-0.00028630288,0.0013577532,0.0
9394128000,-0.01103599,-0.00024288906,0.0013685299,0.0
9394328000,-0.010888197,-0.00013451888,0.0013347962,0.0
9394528000,-0.010924759,-0.00017756916,0.0013527309,0.0
9394728000,-0.010888905,-0.00010026862,0.0013558624,0.0
9394928000,-0.010913133,-0.00015899201,0.0013610953,0.0
9395128000,-0.010888333,-0.00011918559,0.001349068,0.0
9395324000,-0.010787369,1.3166876e-05,0.0013548869,0.0
9395528000,-0.010929685,-2.3539867e-05,0.0013504659,0.0
9395728000,-0.010853046,-0.0001360271,0.0013497104,0.0
9395924000,-0.010820911,-3.462995e-05,0.0013318327,0.0
9396128000,-0.010804958,-3.826328e-05,0.0013437927,0.0
9396324000,-0.010947955,6.760835e-05,0.0013668239,0.0
9396528000,-0.010759903,-1.7692797e-05,0.001343435,0.0
9396728000,-0.010794451,-1.7381264e-05,0.0013513599,0.0
9396928000,-0.01088652,-4.2197295e-05,0.0013582171,0.0
9397124000,-0.010768357,-0.00011608266,0.0013502159,0.0
9397328000,-0.010774064,-5.822208e-05,0.0013244456,0.0
9397524000,-0.0108244065,-6.421793e-05,0.0013374169,0.0
9397728000,-0.010778613,-0.0001933019,0.0013279103,0.0
9397928000,-0.010822339,-2.6015674e-05,0.0013399768,0.0
9398128000,-0.010803857,-5.614735e-05,0.0013498686,0.0
9398328000,-0.010782921,-0.00017150203,0.0013075693,0.0
9398528000,-0.010779425,-5.4253374e-05,0.0013287725,0.0
9398728000,-0.010670342,-0.00017377907,0.0013449902,0.0
9398924000,-0.0108213015,-0.00022625636,0.0013647686,0.0
9399124000,-0.010717432,-8.179501e-05,0.0013471363,0.0
9399328000,-0.010718854,-0.000113148795,0.0013200734,0.0
9399528000,-0.010780733,-0.00022373839,0.0013071068,0.0
9399728000,-0.010771903,-0.00017853218,0.0013252188,0.0
9399924000,-0.0107551515,-0.00015324412,0.0013517152,0.0
9400128000,-0.010759106,-0.00018340805,0.0013238604,0.0
9400328000,-0.010810483,-0.00014815033,0.0013324218,0.0
9400524000,-0.0108504575,-9.627272e-05,0.0013546789,0.0
9400728000,-0.010764427,-0.00021036701,0.0013449563,0.0
9400928000,-0.010894285,-0.00018243381,0.0013477211,0.0
9401124000,-0.010840572,-0.00015042523,0.0013639935,0.0
9401328000,-0.010969413,-0.00018348801,0.0013860855,0.0
9401528000,-0.010779434,-8.631521e-05,0.0013693345,0.0
9401728000,-0.010795973,-0.0002551689,0.0013604945,0.0
9401928000,-0.010902273,-2.337799e-05,0.0013720053,0.0
9402128000,-0.010707288,-0.00018444432,0.001349006,0.0
9402328000,-0.010887656,-0.00020807408,0.0013420522,0.0
9402524000,-0.010805877,-0.00021784197,0.0013536233,0.0
9402728000,-0.010749933,-0.00017942875,0.0013356121,0.0
9402928000,-0.01084754,-0.00018415845,0.0013129023,0.0
9403128000,-0.010759747,-0.00016235514,0.0013222607,0.0
9403328000,-0.0108200945,-0.00016752697,0.0013253919,0.0
9403528000,-0.010776947,-0.00010856666,0.0013350438,0.0
9403728000,-0.01080316,-9.982124e-05,0.001329226,0.0
9403928000,-0.010892778,-0.00015386757,0.0013330742,0.0
9404128000,-0.010814692,-0.0002013559,0.0013318097,0.0
9404328000,-0.010696318,-0.00017557741,0.0013435635,0.0
9404528000,-0.010851799,-0.00019537639,0.0013424207,0.0
9404728000,-0.0107591245,-0.000103401915,0.0013423748,0.0
9404928000,-0.010858205,-0.00017814778,0.0013558603,0.0
9405128000,-0.010753166,-0.000108385124,0.0013502701,0.0
9405328000,-0.010772983,-8.496164e-05,0.001357104,0.0
9405524000,-0.010694285,-7.659569e-05,0.001354873,0.0
9405728000,-0.010807888,-7.280214e-05,0.0013735984,0.0
9405924000,-0.010732384,-0.00013677256,0.0013773758,0.0
9406128000,-0.010719204,-7.251684e-05,0.0013724333,0.0
9406328000,-0.010599522,-0.0001529311,0.0013854636,0.0
9406524000,-0.010743387,-0.000102731654,0.001383005,0.0
9406728000,-0.010545708,-0.000121097844,0.0013695522,0.0
9406928000,-0.010589629,-0.00013135042,0.0013677424,0.0
9407128000,-0.010539467,-0.00010248923,0.0013619703,0.0
9407328000,-0.010469498,-0.00016865038,0.0013635848,0.0
9407528000,-0.010562902,-0.00011525495,0.0013725176,0.0
9407724000,-0.010536851,-9.832256e-05,0.0013572809,0.0
9407928000,-0.01046707,-0.00014032266,0.0013434674,0.0
9408124000,-0.010529246,-0.00029957265,0.0013377474,0.0
9408328000,-0.010443993,6.7643464e-06,0.0013301756,0.0
9408528000,-0.010384016,-0.000103324404,0.0013071176,0.0
9408728000,-0.010267594,-0.00017926068,0.0013176135,0.0
9408928000,-0.010381057,-0.00026498883,0.0013132663,0.0
9409128000,-0.010350416,-0.0001546542,0.0012973066,0.0
9409328000,-0.010346447,-0.00014468281,0.0012972329,0.0
9409528000,-0.010271955,-0.00019617096,0.0013058614,0.0
9409728000,-0.010411909,-0.00026183535,0.0012988475,0.0
9409928000,-0.010356234,-0.0001526931,0.0013029834,0.0
9410124000,-0.010356052,-0.00019572228,0.0013059403,0.0
9410328000,-0.010273606,-0.00019034969,0.0012951114,0.0
9410528000,-0.010287261,-9.881541e-05,0.001293829,0.0
9410728000,-0.010304491,-0.0002271756,0.0013044645,0.0
9410928000,-0.010331264,-0.00020281159,0.0012926058,0.0
9411124000,-0.01036213,-0.00022440942,0.0012874336,0.0
9411328000,-0.010308608,-0.0002406975,0.0012804646,0.0
9411528000,-0.010351406,-0.00020233616,0.0012913939,0.0
9411728000,-0.010276557,-0.00029293465,0.0012777348,0.0
9411928000,-0.010255177,-0.00023203793,0.0012803957,0.0
9412128000,-0.010260949,-0.00019105595,0.0012528184,0.0
9412328000,-0.010248568,-0.00034022698,0.0012644638,0.0
9412528000,-0.010218425,-0.00029945603,0.0012708108,0.0
9412728000,-0.010251276,-0.0002337516,0.0012626619,0.0
9412928000,-0.010351028,-0.00033649406,0.0012807031,0.0
9413128000,-0.010263853,-0.00035280682,0.0012603771,0.0
9413328000,-0.010227731,-0.00023628611,0.0012473137,0.0
9413524000,-0.010209733,-0.00027470145,0.0012276386,0.0
9413728000,-0.0102575235,-0.0002985051,0.0012450876,0.0
9413924000,-0.01031593,-0.0003607829,0.0012498911,0.0
9414128000,-0.010407457,-0.00027548708,0.0012287081,0.0
9414324000,-0.010195805,-0.00035797557,0.0012222799,0.0
9414528000,-0.010336266,-0.00030831288,0.0012189219,0.0
9414724000,-0.010306407,-0.00031103706,0.0012082481,0.0
9414928000,-0.010323356,-0.0003726293,0.0012098674,0.0
9415128000,-0.010334147,-0.0003909039,0.0012095143,0.0
9415328000,-0.010329643,-0.00035161304,0.0012206499,0.0
9415524000,-0.010322598,-0.00036770542,0.0012260282,0.0
9415728000,-0.010333812,-0.00031991175,0.0012351843,0.0
9415928000,-0.010318497,-0.00038484336,0.0012357152,0.0
9416124000,-0.0103344,-0.00043900256,0.0012193732,0.0
9416328000,-0.01037234,-0.00046483593,0.001261311,0.0
9416528000,-0.01033947,-0.00044579315,0.00125695,0.0
9416724000,-0.01032923,-0.0005714814,0.0012830283,0.0
9416924000,-0.010342467,-0.0005849994,0.0012974121,0.0
9417128000,-0.010349097,-0.00053177,0.0012683847,0.0
9417328000,-0.010444459,-0.00048395427,0.0012701387,0.0
9417528000,-0.0103875995,-0.00047028833,0.0012887828,0.0
9417728000,-0.010471161,-0.00047054628,0.0012873054,0.0
9417924000,-0.010442828,-0.0004679402,0.0012816081,0.0
9418128000,-0.010392417,-0.000494217,0.0012940073,0.0
9418324000,-0.010421199,-0.00040607114,0.0012730941,0.0
9418528000,-0.010410459,-0.00053853117,0.0012619297,0.0
9418728000,-0.010599178,-0.00037361868,0.0012677069,0.0
9418924000,-0.010483754,-0.00048004228,0.0012547469,0.0
9419128000,-0.0105979955,-0.0004003105,0.0012544806,0.0
9419328000,-0.010583168,-0.0005413142,0.0012781888,0.0
9419528000,-0.010600427,-0.0003670539,0.0012606783,0.0
9419728000,-0.010542032,-0.0003402797,0.0012767223,0.0
9419928000,-0.010689328,-0.00046870735,0.0012611349,0.0
9420124000,-0.010648606,-0.0004403766,0.001271329,0.0
9420328000,-0.010656891,-0.00030859464,0.0012753177,0.0
9420528000,-0.010718801,-0.00045990595,0.0012827236,0.0
9420728000,-0.010713477,-0.00040765438,0.0012769649,0.0
9420928000,-0.010706569,-0.00031876125,0.0012884265,0.0
9421124000,-0.010830285,-0.00040746466,0.0012947075,0.0
9421328000,-0.010770375,-0.0004978768,0.0012851619,0.0
9421524000,-0.010878924,-0.00044822914,0.0012812153,0.0
9421728000,-0.010753406,-0.00044743012,0.0013041125,0.0
9421928000,-0.01079195,-0.00041326912,0.0012872561,0.0
9422124000,-0.010784224,-0.0004720517,0.0012848104,0.0
9422328000,-0.010835174,-0.00040719315,0.0012704968,0.0
9422528000,-0.010953266,-0.00032640126,0.0012869467,0.0
9422728000,-0.010788569,-0.0004469729,0.0012764307,0.0
9422928000,-0.010905322,-0.0004275294,0.0012778912,0.0
9423124000,-0.010950976,-0.0005011594,0.0012998732,0.0
9423328000,-0.01096108,-0.0005188564,0.0012656315,0.0
9423528000,-0.010918658,-0.00040895652,0.0012668894,0.0
9423728000,-0.010946335,-0.00035332594,0.0012643018,0.0
9423928000,-0.010973089,-0.00037654777,0.0013017199,0.0
9424128000,-0.010991302,-0.0005853171,0.0012942082,0.0
9424328000,-0.010955203,-0.00040814021,0.0012905067,0.0
9424524000,-0.011130483,-0.00043058197,0.001304244,0.0
9424728000,-0.010985426,-0.00045621995,0.001296516,0.0
9424928000,-0.010996902,-0.0005032533,0.0012834618,0.0
9425128000,-0.011005445,-0.0005028739,0.001292231,0.0
9425328000,-0.0110160895,-0.0005774252,0.001288975,0.0
9425524000,-0.0110802,-0.00061830465,0.0013149979,0.0
9425724000,-0.010988162,-0.0006470431,0.0012959983,0.0
9425924000,-0.011169286,-0.00075800496,0.0012945217,0.0
9426128000,-0.011113312,-0.0005771207,0.0012848998,0.0
9426328000,-0.011021512,-0.0007473574,0.0013095663,0.0
9426528000,-0.011234914,-0.0008951697,0.001305781,0.0
9426728000,-0.011048084,-0.0007716383,0.0013124888,0.0
9426928000,-0.011062597,-0.0008514372,0.0013043688,0.0
9427128000,-0.011149302,-0.0008930899,0.0013035238,0.0
9427328000,-0.011236881,-0.0008695226,0.0013129854,0.0
9427528000,-0.011103856,-0.0010908787,0.0012939393,0.0
9427728000,-0.011079595,-0.0010129777,0.0013038815,0.0
9427928000,-0.011113767,-0.0010963321,0.0012854369,0.0
9428124000,-0.011231212,-0.001023503,0.0012825108,0.0
9428328000,-0.011119882,-0.0011519479,0.0012843583,0.0
9428528000,-0.011148498,-0.0011407143,0.0012830868,0.0
9428724000,-0.011176278,-0.001112319,0.0012906229,0.0
9428928000,-0.011174905,-0.0011456547,0.0012869423,0.0
9429128000,-0.011258171,-0.0011522303,0.0012734446,0.0
9429328000,-0.011165344,-0.0011300637,0.001282943,0.0
9429528000,-0.011315501,-0.0011212158,0.001276553,0.0
9429724000,-0.011227501,-0.0011304552,0.0012698624,0.0
9429924000,-0.011122085,-0.0012141485,0.0012868783,0.0
9430124000,-0.011273015,-0.0011877652,0.00129162,0.0
9430328000,-0.011284594,-0.0012399113,0.0013155701,0.0
9430524000,-0.011240224,-0.001261822,0.0013272924,0.0
9430724000,-0.011346041,-0.0012080723,0.0013410546,0.0
9430924000,-0.01130695,-0.0011802568,0.0013282959,0.0
9431124000,-0.011272259,-0.0012394192,0.001352031,0.0
9431328000,-0.011166644,-0.0013322806,0.0013379272,0.0
9431528000,-0.011276672,-0.0012740288,0.0013600244,0.0
9431728000,-0.011213096,-0.0011536544,0.0013609453,0.0
9431928000,-0.011233446,-0.0012797795,0.001364314,0.0
9432128000,-0.011275593,-0.0013203223,0.0013596021,0.0
9432328000,-0.0110730305,-0.0012310996,0.0013495294,0.0
9432528000,-0.011208762,-0.0012461306,0.0013488354,0.0
9432728000,-0.01120696,-0.0012109682,0.001352231,0.0
9432928000,-0.011126922,-0.0011649311,0.0013641033,0.0
9433124000,-0.0111239115,-0.0013231133,0.0013172159,0.0
9433328000,-0.011099441,-0.0011412648,0.0013387597,0.0
9433528000,-0.011111001,-0.0013348617,0.0013205077,0.0
9433728000,-0.011067468,-0.0012260788,0.0013466812,0.0
9433928000,-0.011042831,-0.0013373516,0.0013377909,0.0
9434128000,-0.0110908775,-0.0012590281,0.0013479268,0.0
9434328000,-0.011073541,-0.0013321816,0.0013229081,0.0
9434528000,-0.011026292,-0.0013604882,0.0013330516,0.0
9434724000,-0.010997075,-0.0014352318,0.0013331402,0.0
9434924000,-0.011093373,-0.0013516524,0.0013523303,0.0
9435124000,-0.011080791,-0.0015336905,0.001345906,0.0
9435328000,-0.01117162,-0.0014347907,0.0013380139,0.0
9435528000,-0.011006239,-0.0014271371,0.0013312261,0.0
9435728000,-0.01109585,-0.0015036899,0.0013642821,0.0
9435924000,-0.011095903,-0.0015394815,0.0013760504,0.0
9436124000,-0.011160928,-0.0016303611,0.0013766611,0.0
9436324000,-0.011112365,-0.0016138932,0.0013780046,0.0
9436528000,-0.011100955,-0.0014369098,0.0013830279,0.0
9436728000,-0.011140403,-0.0016233078,0.0014017464,0.0
9436928000,-0.011077896,-0.0014964783,0.0013748386,0.0
9437128000,-0.011222055,-0.0016304227,0.0013807935,0.0
9437328000,-0.011060653,-0.001457304,0.0013893791,0.0
9437528000,-0.011120704,-0.0014621997,0.0013622486,0.0
9437728000,-0.0110433865,-0.0013165894,0.0013571967,0.0
9437928000,-0.011048839,-0.0014146253,0.0013700246,0.0
9438128000,-0.011205519,-0.0013308568,0.0013438287,0.0
9438328000,-0.011117036,-0.0013819742,0.0013437262,0.0
9438528000,-0.011060293,-0.0013555265,0.0013434375,0.0
9438728000,-0.011076497,-0.0012546398,0.0013576964,0.0
9438928000,-0.01112911,-0.0013006513,0.0013251484,0.0
9439124000,-0.011118163,-0.0012522712,0.0013176318,0.0
9439328000,-0.011077423,-0.0013008013,0.0013056927,0.0
9439528000,-0.011146788,-0.0013359722,0.0012978334,0.0
9439728000,-0.011124061,-0.001278675,0.0013059251,0.0
9439924000,-0.011223449,-0.0012876287,0.0013162729,0.0
9440124000,-0.011120251,-0.0013273055,0.0013175377,0.0
9440328000,-0.011194351,-0.0012513548,0.0013158668,0.0
9440528000,-0.011116333,-0.0012833956,0.0013065063,0.0
9440728000,-0.011237254,-0.0013820492,0.0013138248,0.0
9440924000,-0.011198497,-0.0013277555,0.0013188232,0.0
9441124000,-0.0111722015,-0.0013952398,0.0013328405,0.0
9441328000,-0.011205757,-0.0012377145,0.0013377392,0.0
9441528000,-0.0112581635,-0.0012894596,0.0013417949,0.0
9441728000,-0.011294732,-0.0013958423,0.0013318867,0.0
9441928000,-0.011142123,-0.0013136903,0.0013413721,0.0
9442128000,-0.011281198,-0.0012455768,0.001357635,0.0
9442328000,-0.011245425,-0.0013766412,0.0013660697,0.0
9442528000,-0.011321748,-0.001320876,0.0013539881,0.0
9442728000,-0.011185714,-0.0012212497,0.0013563385,0.0
9442928000,-0.011302815,-0.0012689825,0.001362367,0.0
9443128000,-0.011347651,-0.0014033545,0.0013554235,0.0
9443328000,-0.01120521,-0.0013243598,0.001350734,0.0
9443528000,-0.011236818,-0.0013050084,0.0013302633,0.0
9443728000,-0.011244963,-0.0012065888,0.001318356,0.0
9443924000,-0.011318975,-0.0012019912,0.0013254851,0.0
9444128000,-0.011310216,-0.0012908733,0.0013207471,0.0
9444328000,-0.0112772295,-0.001273534,0.0013130181,0.0
9444528000,-0.011262793,-0.0011586798,0.0013332241,0.0
9444728000,-0.011278819,-0.001342702,0.0013234799,0.0
9444924000,-0.011325318,-0.001264034,0.0013319025,0.0
9445124000,-0.011314287,-0.0013664484,0.0013205581,0.0
9445328000,-0.011250835,-0.0013444317,0.0013334311,0.0
9445528000,-0.011308291,-0.0013703979,0.0013352309,0.0
9445728000,-0.011322283,-0.0013921974,0.0013246791,0.0
9445928000,-0.011372072,-0.0013273635,0.0013266923,0.0
9446128000,-0.011291276,-0.0012793657,0.0013255704,0.0
9446328000,-0.011255839,-0.0014686257,0.001327037,0.0
9446524000,-0.011398472,-0.0013092789,0.0013526474,0.0
9446728000,-0.0112444805,-0.0013915969,0.0013326971,0.0
9446924000,-0.011239168,-0.0014397684,0.0013212736,0.0
9447128000,-0.011343332,-0.0014251973,0.0013377438,0.0
9447324000,-0.011204016,-0.0014296521,0.0013425113,0.0
9447528000,-0.011187369,-0.00141398,0.0013482486,0.0
9447728000,-0.011202569,-0.001501085,0.001372815,0.0
9447928000,-0.011255484,-0.0014789315,0.0013384806,0.0
9448124000,-0.011175394,-0.0014519488,0.001362651,0.0
9448328000,-0.011177855,-0.0015258607,0.0013558826,0.0
9448524000,-0.011214682,-0.0016289753,0.0013612064,0.0
9448724000,-0.011003484,-0.0016080169,0.0013484559,0.0
9448928000,-0.011094513,-0.0015566174,0.0013490667,0.0
9449128000,-0.011007792,-0.001704422,0.0013490188,0.0
9449328000,-0.010967834,-0.0016851127,0.0013211749,0.0
9449528000,-0.011035371,-0.0015820388,0.0013221052,0.0
9449724000,-0.011027534,-0.0016868943,0.001344157,0.0
9449924000,-0.0110179335,-0.0017049146,0.001320461,0.0
9450128000,-0.011038694,-0.0015936112,0.0013224403,0.0
9450328000,-0.011037768,-0.0016408572,0.0013143962,0.0
9450528000,-0.01109577,-0.0016199745,0.0013081627,0.0
9450728000,-0.011081463,-0.0016458903,0.0013312272,0.0
9450928000,-0.011120293,-0.0017658173,0.0012882109,0.0
9451128000,-0.011153588,-0.0016129279,0.0013120623,0.0
9451328000,-0.011116864,-0.0015741333,0.0013015114,0.0
9451528000,-0.011195263,-0.001711539,0.0013179634,0.0
9451724000,-0.011123225,-0.0017651148,0.001318831,0.0
9451928000,-0.01112255,-0.0017294218,0.001310372,0.0
9452128000,-0.011118348,-0.0016836209,0.0013245307,0.0
9452324000,-0.011240017,-0.0017992737,0.0013261293,0.0
9452528000,-0.011246639,-0.0017734068,0.0013180604,0.0
9452728000,-0.01128496,-0.001774546,0.0013351972,0.0
9452928000,-0.011152922,-0.0016818447,0.0013377297,0.0
9453128000,-0.011219142,-0.0016801183,0.0013334044,0.0
9453328000,-0.011211762,-0.0017302715,0.0013438459,0.0
9453528000,-0.011267908,-0.0017334016,0.0013435241,0.0
9453728000,-0.011227095,-0.0016993497,0.0013410219,0.0
9453928000,-0.011282433,-0.0017336238,0.001321924,0.0
9454128000,-0.0112715755,-0.0018250141,0.0013377863,0.0
9454328000,-0.011301419,-0.0017772767,0.0013262077,0.0
9454524000,-0.011286633,-0.0017638304,0.0013199627,0.0
9454728000,-0.011323864,-0.0017714265,0.0013342683,0.0
9454928000,-0.01138547,-0.0018492744,0.0013534346,0.0
9455128000,-0.011288423,-0.0016899465,0.0013257313,0.0
9455324000,-0.011332356,-0.0018937677,0.001323347,0.0
9455524000,-0.01132563,-0.0018110923,0.0013382499,0.0
9455728000,-0.011390474,-0.001811299,0.001345502,0.0
9455924000,-0.011350701,-0.001948811,0.0013764773,0.0
9456128000,-0.011350705,-0.0019371677,0.001366841,0.0
9456328000,-0.0112957405,-0.0018941648,0.0013564874,0.0
9456524000,-0.011315061,-0.0020499353,0.0013720803,0.0
9456728000,-0.011341477,-0.0018863715,0.0013695374,0.0
9456928000,-0.011381869,-0.0019357161,0.0014008413,0.0
9457128000,-0.011329889,-0.0020161388,0.0013904034,0.0
9457328000,-0.011261309,-0.002043036,0.0013804327,0.0
9457524000,-0.011266961,-0.0018884785,0.0013979914,0.0
9457724000,-0.011273616,-0.0019240744,0.0014051208,0.0
9457928000,-0.011232686,-0.0019726388,0.0013893319,0.0
9458128000,-0.011274827,-0.0020670483,0.0014035373,0.0
9458328000,-0.011238223,-0.0020020788,0.0013995956,0.0
9458528000,-0.0111848,-0.0020820634,0.0013882163,0.0
9458728000,-0.011191595,-0.0019635994,0.0014058893,0.0
9458928000,-0.011160914,-0.0020324579,0.0013864831,0.0
9459128000,-0.011294619,-0.002002165,0.0013989084,0.0
9459328000,-0.011139767,-0.0020651605,0.0013902963,0.0
9459528000,-0.011296081,-0.0020153641,0.0014047137,0.0
9459728000,-0.0113201365,-0.0020065187,0.0014097671,0.0
9459928000,-0.011354715,-0.0020773818,0.0014057445,0.0
9460124000,-0.011291832,-0.0020898448,0.0014010457,0.0
9460328000,-0.011353986,-0.0019502705,0.0014048639,0.0
9460528000,-0.011365884,-0.0019882235,0.001417213,0.0
9460728000,-0.011437947,-0.0018832461,0.00144403,0.0
9460924000,-0.011344642,-0.0020427224,0.0014067461,0.0
9461124000,-0.011391839,-0.0020495614,0.001410036,0.0
9461324000,-0.011502173,-0.0020175914,0.0014221736,0.0
9461528000,-0.011455438,-0.0019264191,0.0014228406,0.0
9461728000,-0.01150235,-0.0020050546,0.0014365144,0.0
9461928000,-0.011466338,-0.0019388989,0.0014320269,0.0
9462128000,-0.011507233,-0.0019136069,0.0014440594,0.0
9462324000,-0.011512718,-0.002024581,0.0014454554,0.0
9462528000,-0.011569525,-0.001920298,0.0014567386,0.0
9462724000,-0.0114846565,-0.00201127,0.0014277963,0.0
9462924000,-0.011513583,-0.0019762083,0.0014404752,0.0
9463128000,-0.011527535,-0.0020440756,0.0014205023,0.0
9463324000,-0.011468354,-0.0019588019,0.0014271783,0.0
9463524000,-0.011567795,-0.001881331,0.0015820635,0.0
9463728000,-0.011070261,-0.00223069,0.0015778558,0.0
9463928000,-0.011662892,-0.0019292504,0.0015770006,0.0
9464128000,-0.011878052,-0.0017668612,0.0015400577,0.0
9464324000,-0.012089159,-0.0014076616,0.0014984853,0.0
9464528000,-0.012301037,-0.00088799064,0.0014613714,0.0
9464724000,-0.012516393,-0.0005181725,0.0014256636,0.0
9464928000,-0.012723559,-8.42628e-05,0.0014089295,0.0
9465128000,-0.0109877465,0.002548191,0.0014929004,0.0
9465324000,-0.013251965,0.004914955,0.001661397,0.0
9465524000,-0.013737029,0.0030798,0.0016172606,0.0
9465724000,-0.013235829,0.0035204573,0.0015248851,0.0
9465928000,-0.013080569,0.0036238297,0.0015131423,0.0
9466128000,-0.012656895,0.0030209501,0.0015485979,0.0
9466328000,-0.01242037,0.0021969932,0.0016825912,0.0
9466528000,-0.012087191,0.0012525739,0.0018672349,0.0
9466724000,-0.011837964,3.0180347e-05,0.0020504263,0.0
9466928000,-0.01147546,-0.0008772819,0.002190559,0.0
9467124000,-0.011192314,-0.0016919042,0.0023530351,0.0
9467328000,-0.010841922,-0.0024754924,0.0024674565,0.0
9467528000,-0.010496195,-0.0031865377,0.0025756308,0.0
9467728000,-0.010164035,-0.0033866994,0.002651824,0.0
9467924000,-0.009917834,-0.0036531214,0.0026851594,0.0
9468128000,-0.009604449,-0.003916456,0.002722684,0.0
9468324000,-0.009270771,-0.004019199,0.0027834666,0.0
9468524000,-0.009272842,-0.0040647895,0.0028114286,0.0
9468728000,-0.009176753,-0.0038841097,0.0028113495,0.0
9468928000,-0.009210071,-0.0035293065,0.0028518445,0.0
9469124000,-0.009023015,-0.0033396296,0.0028279338,0.0
9469328000,-0.008864968,-0.003271524,0.002800787,0.0
9469528000,-0.008781381,-0.0031303403,0.0027297123,0.0
9469728000,-0.008703375,-0.0027674867,0.0026461098,0.0
9469924000,-0.008516296,-0.0026307474,0.0026117996,0.0
9470124000,-0.008662149,-0.0023938112,0.0025642316,0.0
9470328000,-0.008725983,-0.002135801,0.0025160112,0.0
9470524000,-0.0085642245,-0.0017569467,0.0024756866,0.0
9470728000,-0.008499518,-0.0014297497,0.0024289205,0.0
9470928000,-0.008625144,-0.0012679282,0.0023945903,0.0
9471128000,-0.008497733,-0.0010773648,0.0023186354,0.0
9471328000,-0.0085934885,-0.0008196222,0.0022756644,0.0
9471524000,-0.00846369,-0.0007463486,0.002241644,0.0
9471728000,-0.008336978,-0.00070494885,0.0021997706,0.0
9471924000,-0.008381027,-0.00054594124,0.0021323839,0.0
9472128000,-0.00826687,-0.0004967609,0.0020522214,0.0
9472328000,-0.008307248,-0.00035375197,0.0019943898,0.0
9472524000,-0.008321825,-0.00025779635,0.0019239639,0.0
9472728000,-0.008290346,-0.00027906586,0.001844213,0.0
9472928000,-0.008212098,-0.00012021605,0.001780952,0.0
9473124000,-0.0083686,5.2154424e-05,0.0017244121,0.0
9473328000,-0.008241847,0.00034339784,0.0016470845,0.0
9473524000,-0.007879764,-0.00044321618,0.0013046102,0.0
9473728000,-0.00833975,0.00042888336,0.0011754497,0.0
9473924000,-0.008463193,0.0008020754,0.0010587481,0.0
9474128000,-0.00830394,0.00054432004,0.00096835266,0.0
9474328000,-0.008486259,0.0007396884,0.00088489323,0.0
9474528000,-0.00841559,0.0008692598,0.000764033,0.0
9474724000,-0.008668429,0.0009956991,0.0006550166,0.0
9474928000,-0.008915202,0.0012292425,0.00049601536,0.0
9475128000,-0.009209087,0.0016454284,0.00037969163,0.0
9475328000,-0.009366595,0.0018502088,0.00026162234,0.0
9475524000,-0.0096671,0.0022590563,0.0001797931,0.0
9475728000,-0.009883058,0.0023824854,9.87007e-05,0.0
9475928000,-0.010077757,0.0026491736,3.8908907e-05,0.0
9476124000,-0.0102325585,0.0027153464,-3.4835364e-06,0.0
9476328000,-0.010359028,0.0026442825,-9.73246e-05,0.0
9476528000,-0.010416857,0.002671279,-0.00013272694,0.0
9476724000,-0.010587358,0.002370433,-0.00016412522,0.0
9476928000,-0.0106120175,0.0023967288,-0.0001886354,0.0
9477128000,-0.010632804,0.0020044947,-0.00016387619,0.0
9477328000,-0.010710968,0.0016789566,-0.00013632167,0.0
9477528000,-0.010881006,0.0013907034,-7.776715e-05,0.0
9477724000,-0.010625444,0.0011214976,-3.6542475e-05,0.0
9477928000,-0.010746582,0.0005261365,2.013619e-05,0.0
9478128000,-0.010661364,0.0002414827,7.546914e-05,0.0
9478328000,-0.010686019,-2.103731e-05,0.00017255584,0.0
9478528000,-0.010427027,-0.00037044773,0.00021456645,0.0
9478724000,-0.010512665,-0.0006242382,0.00028569283,0.0
9478928000,-0.01042458,-0.0010115347,0.00040979957,0.0
9479124000,-0.010477095,-0.0014981662,0.00048501755,0.0
9479328000,-0.010368529,-0.0014796183,0.0005697331,0.0
9479524000,-0.010235841,-0.001681318,0.0006354765,0.0
9479728000,-0.010373238,-0.0015911262,0.00072855316,0.0
9479924000,-0.0101188645,-0.0018218459,0.0008161483,0.0
9480128000,-0.010256819,-0.0020330083,0.0009248277,0.0
9480324000,-0.010239505,-0.0021042612,0.0009928124,0.0
9480524000,-0.010112439,-0.0023683135,0.0010490196,0.0
9480724000,-0.010111828,-0.0024428272,0.0011012432,0.0
9480924000,-0.010043045,-0.0025147863,0.001121507,0.0
9481128000,-0.010170729,-0.0023928587,0.0011720777,0.0
9481324000,-0.010181826,-0.0024656032,0.0012207243,0.0
9481524000,-0.010095522,-0.0024084884,0.0012637321,0.0
9481728000,-0.010090196,-0.0024021347,0.0012959559,0.0
9481924000,-0.010103533,-0.0021054894,0.0013135155,0.0
9482124000,-0.010022904,-0.0022163612,0.0013384025,0.0
9482324000,-0.0101339035,-0.002168438,0.0013586214,0.0
9482524000,-0.010061893,-0.002015482,0.0013678685,0.0
9482728000,-0.010132808,-0.0019594815,0.0013783886,0.0
9482928000,-0.010097441,-0.0019240173,0.0013989913,0.0
9483124000,-0.010121318,-0.0018138804,0.0014100622,0.0
9483328000,-0.010149964,-0.0017108129,0.0014528837,0.0
9483528000,-0.010087258,-0.001590188,0.0014752916,0.0
9483724000,-0.010138469,-0.001634395,0.0014702118,0.0
9483924000,-0.010105197,-0.0016089889,0.0014908757,0.0
9484128000,-0.010186775,-0.0016016301,0.0014782748,0.0
9484328000,-0.010162993,-0.001457091,0.0014600998,0.0
9484528000,-0.010221728,-0.0013765808,0.0014714095,0.0
9484724000,-0.010169671,-0.0015870319,0.0014688116,0.0
9484928000,-0.010264669,-0.001543403,0.0014680809,0.0
9485128000,-0.010306321,-0.0014141179,0.0014850259,0.0
9485328000,-0.010374323,-0.0015417282,0.0014605554,0.0
9485528000,-0.010281547,-0.0013621942,0.0014486754,0.0
9485724000,-0.010300274,-0.0012447543,0.0014584955,0.0
9485924000,-0.010361766,-0.0012822081,0.0014653237,0.0
9486128000,-0.010433406,-0.0013958152,0.0014690076,0.0
9486328000,-0.010462249,-0.0011211911,0.0014925177,0.0
9486528000,-0.010387562,-0.0012236774,0.0014857752,0.0
9486728000,-0.010486297,-0.0013157451,0.0014894274,0.0
9486928000,-0.010416879,-0.0012774785,0.0015224081,0.0
9487128000,-0.010564103,-0.0013938368,0.0014991605,0.0
9487328000,-0.010471401,-0.0012536973,0.0014987208,0.0
9487528000,-0.010527752,-0.0012737586,0.0014852006,0.0
9487728000,-0.010464475,-0.0012897365,0.001485839,0.0
9487928000,-0.0104591865,-0.0012586104,0.001509492,0.0
9488128000,-0.010549968,-0.0012528517,0.0015137004,0.0
9488324000,-0.010592965,-0.001240504,0.0015105427,0.0
9488528000,-0.0104574645,-0.001208407,0.0015013708,0.0
9488724000,-0.010584111,-0.0011931169,0.0014945341,0.0
9488924000,-0.010597339,-0.0012349613,0.0014855965,0.0
9489128000,-0.010587576,-0.0011344177,0.0014788428,0.0
9489324000,-0.010469935,-0.0011459934,0.0014875435,0.0
9489524000,-0.010510912,-0.0011296124,0.0014848502,0.0
9489728000,-0.010538766,-0.0011442843,0.0014985427,0.0
9489928000,-0.010493665,-0.0011104469,0.001475629,0.0
9490124000,-0.010591188,-0.0011749928,0.0014792455,0.0
9490328000,-0.010428619,-0.0011086453,0.0014589601,0.0
9490528000,-0.010448466,-0.0011310577,0.0014645,0.0
9490728000,-0.010468871,-0.0011685229,0.0014531945,0.0
9490924000,-0.010563147,-0.0011825924,0.0014661828,0.0
9491124000,-0.010490958,-0.0011602753,0.0014518596,0.0
9491328000,-0.010471385,-0.0012074759,0.001469105,0.0
9491528000,-0.010559015,-0.0011388898,0.001453717,0.0
9491724000,-0.010502691,-0.0011948303,0.001450305,0.0
9491928000,-0.010546999,-0.0012363691,0.0014483259,0.0
9492128000,-0.010565905,-0.001121073,0.0014296512,0.0
9492324000,-0.010535562,-0.0010930366,0.0014370859,0.0
9492528000,-0.010752008,-0.0011316577,0.0014531948,0.0
9492724000,-0.010559205,-0.0012294173,0.0014378963,0.0
9492928000,-0.010593132,-0.0012125795,0.0014357101,0.0
9493124000,-0.0106172,-0.0011827736,0.0014316194,0.0
9493328000,-0.010494188,-0.0011579838,0.0014153115,0.0
9493524000,-0.010582656,-0.001264722,0.0014296969,0.0
9493724000,-0.010625915,-0.0013045288,0.0014274562,0.0
9493924000,-0.010597642,-0.0013616531,0.0014142004,0.0
9494128000,-0.010544442,-0.0013615343,0.0014164087,0.0
9494324000,-0.010703755,-0.0013033263,0.0014364567,0.0
9494528000,-0.010600327,-0.0012273628,0.0014266621,0.0
9494728000,-0.0106150685,-0.0013229235,0.0014378601,0.0
9494928000,-0.010617689,-0.0013563789,0.001449167,0.0
9495128000,-0.01060573,-0.0013951437,0.0014369275,0.0
9495328000,-0.01061734,-0.0013243437,0.0014505789,0.0
9495528000,-0.010708725,-0.0014659846,0.0014367945,0.0
9495728000,-0.01066697,-0.0014069993,0.0014435605,0.0
9495928000,-0.0106131565,-0.001402756,0.0014319918,0.0
9496128000,-0.010548833,-0.0012952748,0.0014353789,0.0
9496328000,-0.010651662,-0.0013955181,0.0014452338,0.0
9496528000,-0.010667505,-0.0014543441,0.0014222852,0.0
9496728000,-0.010549633,-0.0013506308,0.0014455353,0.0
9496924000,-0.0104318885,-0.0013536672,0.0014435023,0.0
9497128000,-0.010647714,-0.0013974273,0.0014297819,0.0
9497328000,-0.010409454,-0.0013550074,0.0014403968,0.0
9497528000,-0.01055149,-0.0013308282,0.0014271919,0.0
9497728000,-0.010531436,-0.0013179049,0.001419756,0.0
9497928000,-0.010416693,-0.0013536108,0.0014109188,0.0
9498128000,-0.0104167545,-0.0011936667,0.001422718,0.0
9498328000,-0.010457103,-0.001239324,0.0014572707,0.0
9498524000,-0.010410598,-0.001273359,0.0014217584,0.0
9498728000,-0.0104485685,-0.0013668954,0.0013992087,0.0
9498928000,-0.010316214,-0.0012435515,0.001386203,0.0
9499128000,-0.010278639,-0.0010682241,0.0013823931,0.0
9499328000,-0.010380552,-0.0010480111,0.0013756322,0.0
9499528000,-0.0103557035,-0.0010652023,0.0013938595,0.0
9499728000,-0.010169516,-0.0012397774,0.0013765618,0.0
9499928000,-0.010498439,-0.0010827656,0.0013819057,0.0
9500128000,-0.010257883,-0.0010429311,0.0013579071,0.0
9500324000,-0.010267261,-0.0011709875,0.0013409958,0.0
9500528000,-0.010329906,-0.0010423132,0.0013557051,0.0
9500728000,-0.01028634,-0.0010326743,0.0013254974,0.0
9500928000,-0.010306798,-0.0009688345,0.0013458445,0.0
9501128000,-0.010280913,-0.000962665,0.0013370804,0.0
9501328000,-0.010338383,-0.0010403293,0.0013350997,0.0
9501528000,-0.010290682,-0.0009833567,0.0013357544,0.0
9501724000,-0.010334129,-0.0008908206,0.00134667,0.0
9501928000,-0.010283682,-0.00091286504,0.0013465396,0.0
9502128000,-0.010376698,-0.00089863496,0.0013532911,0.0
9502328000,-0.010221681,-0.0009275841,0.0013470649,0.0
9502524000,-0.010361828,-0.0008314619,0.0013551628,0.0
9502728000,-0.01031236,-0.00088843197,0.0013606607,0.0
9502928000,-0.010226643,-0.0010192019,0.0013478628,0.0
9503128000,-0.010357135,-0.00096383016,0.0013558123,0.0
9503324000,-0.010329432,-0.0008525132,0.0013677649,0.0
9503524000,-0.010267938,-0.00094559736,0.0013606946,0.0
9503728000,-0.0102163,-0.000955653,0.0013499607,0.0
9503928000,-0.01021352,-0.0010191541,0.0013496793,0.0
9504128000,-0.010294504,-0.000831779,0.0013733364,0.0
9504324000,-0.010189744,-0.0010161924,0.001386084,0.0
9504528000,-0.010245943,-0.0010858849,0.0013729229,0.0
9504724000,-0.010135044,-0.0010329884,0.0013531403,0.0
9504928000,-0.010148966,-0.0010776174,0.0013306038,0.0
9505128000,-0.01013181,-0.0009782668,0.0013618466,0.0
9505328000,-0.010203872,-0.0010544313,0.0013421321,0.0
9505528000,-0.0101730535,-0.0010809082,0.0013319744,0.0
9505728000,-0.010185562,-0.0010350938,0.0013340598,0.0
9505928000,-0.01024454,-0.0010605458,0.0013296653,0.0
9506128000,-0.010215109,-0.0012176466,0.0013344944,0.0
9506328000,-0.010207031,-0.001074056,0.0013495727,0.0
9506524000,-0.010211954,-0.0012047886,0.0013405309,0.0
9506728000,-0.010370428,-0.0012533825,0.0013149807,0.0
9506924000,-0.010250891,-0.0012107275,0.001342853,0.0
9507128000,-0.010339809,-0.001266949,0.0013317429,0.0
9507328000,-0.010359034,-0.0012633478,0.0013292431,0.0
9507528000,-0.010330966,-0.0013049272,0.0013407891,0.0
9507728000,-0.010365397,-0.0013219333,0.0013376466,0.0
9507928000,-0.010400849,-0.0014023996,0.0013496792,0.0
9508128000,-0.01028028,-0.0014224896,0.001344666,0.0
9508328000,-0.010342599,-0.0014165591,0.00138475,0.0
9508528000,-0.010402673,-0.0015813534,0.001383429,0.0
9508728000,-0.01045908,-0.0014627806,0.0013771812,0.0
9508928000,-0.010400721,-0.0015197675,0.0013798438,0.0
9509128000,-0.010377749,-0.0014203782,0.0013760222,0.0
9509328000,-0.010438718,-0.0014926302,0.0013500192,0.0
9509528000,-0.010403517,-0.001284951,0.0013880754,0.0
9509728000,-0.010523289,-0.0013126349,0.0013712774,0.0
9509928000,-0.010397007,-0.0014462479,0.0013703932,0.0
9510124000,-0.010426025,-0.0013124164,0.0013571017,0.0
9510328000,-0.010481958,-0.001233619,0.0013404054,0.0
9510524000,-0.010417906,-0.0013377918,0.0013188573,0.0
9510724000,-0.010475609,-0.0011795107,0.0013475644,0.0
9510924000,-0.01045172,-0.0013421648,0.0013331485,0.0
9511128000,-0.010506608,-0.0013690778,0.0013528778,0.0
9511324000,-0.010474939,-0.0012363137,0.0013746923,0.0
9511528000,-0.010415185,-0.0011994626,0.0013789987,0.0
9511728000,-0.010376249,-0.0011445401,0.0013821124,0.0
9511928000,-0.010480187,-0.0012819149,0.0013886549,0.0
9512124000,-0.010381165,-0.0012056188,0.0013757222,0.0
9512328000,-0.010396478,-0.0013124174,0.0014007982,0.0
9512524000,-0.010436923,-0.0012265204,0.0013896192,0.0
9512724000,-0.010332135,-0.0012109523,0.0014265415,0.0
9512924000,-0.010436306,-0.0012752708,0.0014234564,0.0
9513124000,-0.010436393,-0.0012554065,0.0014131882,0.0
9513328000,-0.010271816,-0.0011182643,0.0014048015,0.0
9513524000,-0.010327047,-0.0011520494,0.0014160344,0.0
9513728000,-0.010275172,-0.0011924304,0.001405333,0.0
9513924000,-0.010305357,-0.0012338893,0.0014110084,0.0
9514128000,-0.010318727,-0.001087381,0.0014010438,0.0
9514328000,-0.010231088,-0.0011446595,0.0014102437,0.0
9514524000,-0.010168698,-0.0012037649,0.0013969804,0.0
9514728000,-0.010291694,-0.0009914779,0.0013802917,0.0
9514928000,-0.0102236755,-0.0011959457,0.0013887953,0.0
9515124000,-0.010135735,-0.0011371188,0.0013620788,0.0
9515328000,-0.010201982,-0.0011160517,0.0013654025,0.0
9515528000,-0.010195667,-0.0011695344,0.00135173,0.0
9515728000,-0.010051394,-0.0011106958,0.0013555342,0.0
9515928000,-0.01021397,-0.0012888943,0.001349456,0.0
9516124000,-0.010088278,-0.00119443,0.0013427332,0.0
9516328000,-0.010105048,-0.0012230152,0.0013290123,0.0
9516528000,-0.010236792,-0.0012860852,0.0013440559,0.0
9516724000,-0.010167423,-0.0012228426,0.001348946,0.0
9516924000,-0.010185999,-0.0011776452,0.0013731617,0.0
9517124000,-0.010230139,-0.0011773432,0.001360992,0.0
9517328000,-0.010248288,-0.0012524895,0.0013402449,0.0
9517524000,-0.01022174,-0.0012054654,0.0013497937,0.0
9517728000,-0.010129773,-0.001184606,0.0013504928,0.0
9517928000,-0.010315123,-0.0012548569,0.0013632671,0.0
9518124000,-0.01028029,-0.0011805113,0.0013562335,0.0
9518328000,-0.01016198,-0.0011949335,0.0013692202,0.0
9518524000,-0.010244166,-0.0011946625,0.0013658378,0.0
9518728000,-0.010285027,-0.0011882123,0.0013787167,0.0
9518928000,-0.010318594,-0.0010514652,0.0013941615,0.0
9519128000,-0.010289978,-0.0011967821,0.0013756395,0.0
9519324000,-0.010317287,-0.001174845,0.00138856,0.0
9519524000,-0.010324756,-0.0011488291,0.0014217334,0.0
9519724000,-0.010221952,-0.0010848513,0.0014099658,0.0
9519928000,-0.0103557985,-0.0012016484,0.0013808026,0.0
9520124000,-0.010265826,-0.0010583382,0.0013928969,0.0
9520324000,-0.010323245,-0.0011406367,0.0013747636,0.0
9520528000,-0.0103766415,-0.0010715808,0.0013689424,0.0
9520728000,-0.010241107,-0.0010955284,0.0013679395,0.0
9520928000,-0.0102784205,-0.0011490576,0.0013622775,0.0
9521128000,-0.01039235,-0.0011575526,0.0013541667,0.0
9521328000,-0.010409972,-0.0011806521,0.0013770944,0.0
9521528000,-0.010389066,-0.0009814197,0.0013720226,0.0
9521724000,-0.010495495,-0.0010554872,0.0013744823,0.0
9521924000,-0.010472942,-0.0011711228,0.0013703438,0.0
9522124000,-0.010498009,-0.0011921646,0.0013741648,0.0
9522328000,-0.010449093,-0.001201983,0.0013884545,0.0
9522528000,-0.010570367,-0.0011942766,0.0013728031,0.0
9522728000,-0.010545036,-0.0011823445,0.0013683887,0.0
9522928000,-0.010575663,-0.0011111683,0.0013764598,0.0
9523128000,-0.010558658,-0.0011245874,0.0014169322,0.0
9523328000,-0.010677336,-0.0011747468,0.0013985345,0.0
9523528000,-0.010620961,-0.0010537424,0.0014055561,0.0
9523728000,-0.0105785625,-0.0010208053,0.0013895907,0.0
9523928000,-0.010676175,-0.0010909485,0.0013937061,0.0
9524128000,-0.0107614165,-0.0011218209,0.0013932011,0.0
9524328000,-0.010720097,-0.0010318726,0.0014297849,0.0
9524524000,-0.010585667,-0.0011015635,0.0014167868,0.0
9524728000,-0.010645107,-0.0009875556,0.0014132276,0.0
9524928000,-0.010667514,-0.001000776,0.0014323263,0.0
9525128000,-0.010738941,-0.0011070005,0.0014222129,0.0
9525324000,-0.010683239,-0.0008574496,0.0014190403,0.0
9525524000,-0.010781513,-0.0009655538,0.0014141003,0.0
9525728000,-0.010688259,-0.0009628077,0.0014157929,0.0
9525924000,-0.010706489,-0.000807451,0.0014291685,0.0
9526128000,-0.0108321505,-0.0009826967,0.0014317117,0.0
9526328000,-0.010752332,-0.0009447374,0.0014104565,0.0
9526528000,-0.010807671,-0.00088739424,0.0014153045,0.0
9526728000,-0.01081335,-0.0009300047,0.0014060675,0.0
9526928000,-0.010795447,-0.00093905657,0.0014339125,0.0
9527128000,-0.010896002,-0.00088112947,0.0014438546,0.0
9527324000,-0.010924311,-0.0010503137,0.0014409218,0.0
9527528000,-0.010899751,-0.0009654997,0.0014468943,0.0
9527728000,-0.01084744,-0.00093528954,0.0014419404,0.0
9527928000,-0.01091938,-0.0008808842,0.0014551331,0.0
9528124000,-0.010942649,-0.00099951,0.0014662083,0.0
9528328000,-0.010857406,-0.0010908267,0.0014692055,0.0
9528524000,-0.010883368,-0.0009557655,0.0014690481,0.0
9528728000,-0.010975739,-0.0009577897,0.0014439285,0.0
9528924000,-0.010852963,-0.0008101454,0.0014582836,0.0
9529128000,-0.011008868,-0.0009179485,0.0014598134,0.0
9529324000,-0.010930882,-0.00093205075,0.0014617332,0.0
9529528000,-0.010867421,-0.0010872952,0.0014454058,0.0
9529728000,-0.011007187,-0.0009073067,0.00147885,0.0
9529924000,-0.0109624155,-0.0010442222,0.0014937256,0.0
9530128000,-0.010924503,-0.0010104706,0.0014714744,0.0
9530328000,-0.010961333,-0.0010293673,0.0014633475,0.0
9530528000,-0.010912411,-0.0010023079,0.0014690262,0.0
9530724000,-0.010993601,-0.00097505917,0.0014636375,0.0
9530928000,-0.010917551,-0.0011325441,0.0014516114,0.0
9531128000,-0.010924542,-0.0009768078,0.0014323482,0.0
9531328000,-0.010958454,-0.0011101054,0.0014375478,0.0
9531528000,-0.010911901,-0.0010421467,0.00143744,0.0
9531728000,-0.010275674,0.0021579436,0.0016178525,0.0
9531928000,-0.010757566,0.0003899593,0.0015625809,0.0
9532128000,-0.010923985,0.0003523602,0.0014960575,0.0
9532328000,-0.010871709,0.00030010002,0.0014658333,0.0
9532528000,-0.010803511,0.00012617043,0.001459341,0.0
9532728000,-0.01079079,-0.00013813948,0.0014395867,0.0
9532928000,-0.010671431,-0.00023949429,0.0014459172,0.0
9533124000,-0.010661898,-0.0005969108,0.0014235257,0.0
9533328000,-0.010812511,-0.0007276448,0.0014413056,0.0
9533528000,-0.010635141,-0.00076492387,0.0014639249,0.0
9533728000,-0.010604287,-0.0008197388,0.0014592407,0.0
9533928000,-0.011141332,0.004610631,0.0017364267,0.0
9534124000,-0.0103475535,0.0011848246,0.0016751902,0.0
9534324000,-0.010111394,0.00028945116,0.0017720195,0.0
9534528000,-0.011184677,0.00019291049,0.0017053705,0.0
9534728000,-0.010764607,0.00039193104,0.0016776234,0.0
9534928000,-0.012040512,0.00010844368,0.0018565737,0.0
9535128000,-0.010741762,-0.00081135606,0.0018255857,0.0
9535324000,-0.011265146,-0.00034241972,0.0017447147,0.0
9535524000,-0.011064618,-0.00034919038,0.0017009584,0.0
9535728000,-0.010827768,-0.0004521204,0.001652041,0.0
9535928000,-0.010687474,-0.0007174483,0.0016138438,0.0
9536124000,-0.0108080255,-0.00085837144,0.0016007887,0.0
9536328000,-0.010801556,-0.0007085385,0.001581683,0.0
9536528000,-0.010841202,-0.0009007968,0.0015685569,0.0
9536724000,-0.010749056,-0.0010957416,0.0015460084,0.0
9536928000,-0.010832527,-0.0011028093,0.0015338596,0.0
9537124000,-0.010801251,-0.0010797576,0.0015038458,0.0
9537324000,-0.010727987,-0.0011571192,0.0014821702,0.0
9537524000,-0.010751393,-0.0010725465,0.001476816,0.0
9537724000,-0.01075721,-0.0011796443,0.0014790545,0.0
9537924000,-0.010594544,-0.0013836581,0.0014742829,0.0
9538128000,-0.010690011,-0.0012087822,0.0014410394,0.0
9538328000,-0.0105973445,-0.0012823766,0.0014332565,0.0
9538524000,-0.010593719,-0.001191031,0.001394516,0.0
9538724000,-0.010525071,-0.001248319,0.0014370931,0.0
9538924000,-0.010512192,-0.001203566,0.0014658967,0.0
9539128000,-0.010520071,-0.0014031307,0.0014861237,0.0
9539324000,-0.010526608,-0.0012379515,0.0014791539,0.0
9539528000,-0.01047132,-0.0011656167,0.0014799732,0.0
9539728000,-0.0103129735,-0.0013670624,0.001491527,0.0
9539928000,-0.010543093,-0.0012275516,0.0015069856,0.0
9540128000,-0.010518366,-0.0012843861,0.0015106319,0.0
9540328000,-0.0104819015,-0.001236223,0.0014860812,0.0
9540528000,-0.01040805,-0.0011962039,0.0014804975,0.0
9540728000,-0.010391925,-0.0012547143,0.0014499642,0.0
9540924000,-0.010500219,-0.001134543,0.0014322158,0.0
9541128000,-0.01031536,-0.0010310619,0.0014668304,0.0
9541328000,-0.010415487,-0.0010405488,0.0014569733,0.0
9541524000,-0.010440211,-0.0009316042,0.0014726206,0.0
9541728000,-0.0104504125,-0.00062478875,0.0014388773,0.0
9541928000,-0.010328869,-0.0008261366,0.0014233385,0.0
9542124000,-0.010365204,-0.00096106704,0.0014179918,0.0
9542328000,-0.010450993,-0.00096793164,0.0013899566,0.0
9542524000,-0.010479584,-0.0009648832,0.0013655019,0.0
9542724000,-0.010363877,-0.0008552981,0.0013469084,0.0
9542928000,-0.010305994,-0.000817791,0.0013185124,0.0
9543128000,-0.010376314,-0.0006103893,0.0013280927,0.0
9543324000,-0.010473551,-0.00050900894,0.0013332438,0.0
9543524000,-0.010297593,-0.00060367835,0.0013174269,0.0
9543728000,-0.010217015,-0.00065927906,0.0013170913,0.0
9543928000,-0.010332774,-0.000731448,0.0013238104,0.0
9544128000,-0.010416539,-0.00075085106,0.0013182204,0.0
9544328000,-0.0104368795,-0.0009546799,0.0013417922,0.0
9544524000,-0.010350907,-0.0007583996,0.0012039103,0.0
9544728000,-0.008224813,-0.002207304,0.0040286076,0.0
9544924000,-0.0073845284,-0.0038287428,0.00829194,0.0
9545128000,-0.009649669,-0.0034048273,0.012280042,0.0
9545328000,-0.0114409635,-0.0032809183,0.01564583,0.0
9545524000,-0.010193113,-0.0035413255,0.018265666,0.0
9545728000,-0.008431486,-0.0041022333,0.020279326,0.0
9545928000,-0.0073945126,-0.0054151127,0.021753782,0.0
9546128000,-0.005164163,-0.007385646,0.021082047,0.0
9546328000,-0.0023811497,-0.00967183,0.018224047,0.0
9546528000,-0.0011832282,-0.012637696,0.015914949,0.0
9546728000,-0.00081572396,-0.01527881,0.014080195,0.0
9546924000,-0.00070251734,-0.018589979,0.012579483,0.0
9547128000,-0.0007323506,-0.021081755,0.011265593,0.0
9547328000,-0.0010627656,-0.02288096,0.010082758,0.0
9547524000,-0.0013738004,-0.023437586,0.009006496,0.0
9547728000,-0.000904455,-0.026454931,0.00802545,0.0
9547928000,-0.0007481044,-0.030844664,0.007153272,0.0
9548128000,-0.0005524977,-0.03383573,0.0064355237,0.0
9548324000,-0.00063380966,-0.035615485,0.0057217088,0.0
9548528000,-0.0003139504,-0.037618507,0.005078151,0.0
9548724000,-7.7817516e-05,-0.038992435,0.004506443,0.0
9548928000,1.283068e-05,-0.03967523,0.0039836983,0.0
9549128000,0.00015709645,-0.040632363,0.0035344292,0.0
9549328000,0.00019051008,-0.041556768,0.0031220068,0.0
9549528000,0.0001806496,-0.041678876,0.0027048185,0.0
9549724000,0.00030891722,-0.042291827,0.0023582557,0.0
9549928000,0.0003529457,-0.04263116,0.0020164966,0.0
9550128000,0.0003497753,-0.04298387,0.0017421942,0.0
9550328000,0.000483378,-0.043493498,0.0014357792,0.0
9550524000,0.00045597687,-0.043689206,0.0011972181,0.0
9550728000,0.0005306763,-0.043580115,0.00096914684,0.0
9550928000,0.00056227145,-0.04395627,0.00074508035,0.0
9551124000,0.00064251985,-0.044007428,0.00058677583,0.0
9551324000,0.00057812524,-0.04421943,0.00041856218,0.0
9551528000,0.0006965835,-0.04457254,0.00026347538,0.0
9551724000,0.0007133595,-0.044871848,0.00012299173,0.0
9551928000,0.00089163776,-0.045057323,1.2119812e-05,0.0
9552128000,0.0008352834,-0.045075066,-0.000101589525,0.0
9552324000,0.00082473946,-0.04535004,-0.00019828991,0.0
9552528000,0.000937092,-0.045539036,-0.00027609675,0.0
9552728000,0.00095781754,-0.045673303,-0.0003551203,0.0
9552924000,0.001005507,-0.045784127,-0.00042792375,0.0
9553128000,0.0009788229,-0.04598224,-0.0004933359,0.0
9553324000,0.0010365215,-0.045956913,-0.0005461738,0.0
9553528000,0.0010536411,-0.046112206,-0.0005899512,0.0
9553724000,0.0010143684,-0.04625204,-0.00065506215,0.0
9553928000,0.0010245569,-0.046334684,-0.0006897693,0.0
9554128000,0.0010241261,-0.046209585,-0.0007219069,0.0
9554328000,0.0010170492,-0.04651789,-0.00075605,0.0
9554528000,0.0009472463,-0.04646666,-0.00078948826,0.0
9554728000,0.00092089135,-0.046656054,-0.0008149591,0.0
9554924000,0.00090561813,-0.046612687,-0.00086580514,0.0
9555124000,0.0008168085,-0.046831347,-0.0008892568,0.0
9555328000,0.00084208185,-0.04709516,-0.0009331882,0.0
9555524000,0.0009240086,-0.047467794,-0.00092213554,0.0
9555728000,0.0007976054,-0.047104016,-0.0009232531,0.0
9555928000,0.00081306644,-0.047078945,-0.0009567632,0.0
9556128000,0.00071981765,-0.04724445,-0.0009874435,0.0
9556324000,0.0007804986,-0.047254045,-0.0010071176,0.0
9556528000,0.00069847825,-0.04768905,-0.0010160732,0.0
9556728000,0.0005583924,-0.04761143,-0.0010566653,0.0
9556928000,0.00073554245,-0.047992423,-0.0010785754,0.0
9557128000,0.0006858327,-0.04820035,-0.0010770705,0.0
9557328000,0.0007133347,-0.048401166,-0.0010841803,0.0
9557528000,0.00073588773,-0.048456855,-0.0010752097,0.0
9557728000,0.0006819955,-0.048612457,-0.0011036334,0.0
9557928000,0.0008081796,-0.04861535,-0.0010992173,0.0
9558128000,0.00074661156,-0.048829615,-0.0010903367,0.0
9558328000,0.00067466294,-0.048631404,-0.0010696371,0.0
9558524000,0.0005359654,-0.045812324,-0.0010954841,0.0
9558728000,0.0008074485,-0.04548728,-0.0011289344,0.0
9558928000,0.0016097632,-0.049316503,-0.0010355882,0.0
9559128000,0.0016963397,-0.04878937,-0.00092395314,0.0
9559328000,0.0017388811,-0.0478105,-0.0008303388,0.0
9559528000,0.0016827609,-0.046694383,-0.00075971155,0.0
9559724000,0.0016077139,-0.04469757,-0.0006786936,0.0
9559924000,0.0009976483,-0.042754654,-0.0006344369,0.0
9560124000,0.0012203428,-0.04016139,-0.0006324659,0.0
9560328000,0.0013998521,-0.037398614,-0.00057088566,0.0
9560528000,0.0010706874,-0.03480599,-0.00054642075,0.0
9560724000,0.0013701207,-0.0322095,-0.00049964455,0.0
9560928000,0.00085258065,-0.030052356,0.0018958627,0.0
9561128000,-0.00083081267,-0.027680798,0.0066200313,0.0
9561324000,-0.0017503196,-0.024005618,0.010879911,0.0
9561528000,-0.0021488897,-0.022360323,0.014545928,0.0
9561724000,-0.0032698316,-0.021528885,0.01740187,0.0
9561924000,-0.003913283,-0.019279301,0.020001426,0.0
9562124000,-0.004823699,-0.017314881,0.022326272,0.0
9562328000,-0.0057094637,-0.01565057,0.02439246,0.0
9562528000,-0.0065657576,-0.013797933,0.026247773,0.0
9562728000,-0.0073322454,-0.012238462,0.027917763,0.0
9562928000,-0.007929611,-0.010587842,0.02934492,0.0
9563124000,-0.008589909,-0.009060326,0.030696655,0.0
9563328000,-0.009097005,-0.0074849767,0.031909302,0.0
9563528000,-0.009405856,-0.0060601,0.03298612,0.0
9563724000,-0.009603381,-0.004881519,0.03297997,0.0
9563924000,-0.008007519,-0.0037056385,0.029458988,0.0
9564128000,-0.0070206756,-0.0028014174,0.026012337,0.0
9564328000,-0.0059487084,-0.001968046,0.023148987,0.0
9564524000,-0.0051531163,-0.0013152547,0.02073618,0.0
9564728000,-0.0043944055,-0.00075764506,0.018525843,0.0
9564928000,-0.003920319,-0.00032407296,0.01665123,0.0
9565124000,-0.0033585036,-5.508849e-05,0.015001895,0.0
9565328000,-0.002836089,0.00015418146,0.013439324,0.0
9565524000,-0.0024993774,0.00025484315,0.01211659,0.0
9565728000,-0.0021723208,0.00032821074,0.010908254,0.0
9565924000,-0.001923158,0.00044118546,0.009832334,0.0
9566124000,-0.0016149409,0.00048806358,0.008837258,0.0
9566328000,-0.0013592211,0.00043117258,0.007965707,0.0
9566528000,-0.0011386998,0.00050090154,0.0071618888,0.0
9566728000,-0.00097376475,0.0003493289,0.0064239623,0.0
9566928000,-0.00085092714,0.0003577839,0.0057915547,0.0
9567124000,-0.0007766908,0.0001640153,0.00524151,0.0
9567328000,-0.0006169423,0.00020620126,0.0046881177,0.0
9567528000,-0.0004554122,0.00012695696,0.0042297733,0.0
9567728000,-0.00025491504,-8.496818e-05,0.003823885,0.0
9567928000,-0.00044146588,-0.00016562562,0.0034233646,0.0
9568124000,-0.00017006353,-0.00034193066,0.0030890205,0.0
9568324000,-0.00026609705,-0.00044413537,0.0027754342,0.0
9568528000,-0.00019727726,-0.00054117764,0.0025044472,0.0
9568724000,-6.495834e-05,-0.00049164076,0.0022386184,0.0
9568928000,-6.0999373e-05,-0.0006132461,0.0020156626,0.0
9569128000,-8.428299e-05,-0.0007023868,0.0018199997,0.0
9569328000,-1.1429764e-05,-0.00073998416,0.0016313058,0.0
9569528000,-3.7641985e-05,-0.00081731967,0.0014769924,0.0
9569728000,3.4259597e-06,-0.00079423055,0.001350202,0.0
9569928000,5.9622285e-05,-0.00074599823,0.0012015115,0.0
9570128000,6.7205154e-05,-0.00083324505,0.0010861936,0.0
9570328000,6.578278e-05,-0.0008375754,0.00096128904,0.0
9570528000,0.00012809325,-0.0007813624,0.0008641016,0.0
9570724000,0.0001621266,-0.0007532126,0.00079359737,0.0
9570928000,0.00020489845,-0.0008759718,0.0007114755,0.0
9571124000,0.00015631129,-0.0007140986,0.0006431403,0.0
9571324000,0.00012164016,-0.00074819394,0.0005890343,0.0
9571528000,0.00016906914,-0.00073098793,0.0005112464,0.0
9571728000,0.000232408,-0.00071463804,0.00046285533,0.0
9571928000,0.00027790375,-0.0006741959,0.00038576417,0.0
9572124000,0.00014894786,-0.0006750116,0.00039338382,0.0
9572328000,0.00033585296,-0.000623369,0.00036326717,0.0
9572528000,0.00025440598,-0.00069612847,0.00030483434,0.0
9572724000,0.00026983503,-0.0006000312,0.00025235006,0.0
9572928000,0.00034154305,-0.0005128222,0.00022275718,0.0
9573128000,0.0003460386,-0.00054216734,0.0001992299,0.0
9573324000,0.00031653457,-0.000614584,0.00017813819,0.0
9573524000,0.0004161802,-0.00053356984,0.00014668079,0.0
9573724000,0.00035470497,-0.0003595815,0.0001383758,0.0
9573928000,0.0003674696,-0.00058312924,0.0001054417,0.0
9574128000,0.00044761784,-0.00043610687,0.00012346548,0.0
9574328000,0.00041718825,-0.00036386814,9.7019896e-05,0.0
9574524000,0.00041300486,-0.00038027778,0.00010963388,0.0
9574728000,0.0004143899,-0.00039134786,9.6878095e-05,0.0
9574928000,0.00039694752,-0.00044377928,7.251548e-05,0.0
9575128000,0.00039652459,-0.00033032472,5.1522235e-05,0.0
9575328000,0.00045656748,-0.00025649372,6.022307e-05,0.0
9575524000,0.00028074428,-0.00028623623,5.1451196e-05,0.0
9575728000,0.00040688075,-0.00025672946,5.6337638e-05,0.0
9575928000,0.0004907395,-0.00040719763,6.17256e-05,0.0
9576128000,0.0050253095,-0.0044037267,0.0002760535,0.0
9576328000,0.0050253095,-0.0044037267,0.0005159037,0.0
9576528000,0.0050253095,-0.0044037267,0.0005159037,0.0
9576724000,0.0050253095,-0.0044037267,0.0005159037,0.0
9576928000,0.0050253095,-0.0044037267,0.0005159037,0.0
9577124000,0.0,0.0,0.0,0.0
9577328000,0.0,0.0,0.0,0.0
9577524000,0.0,0.0,0.0,0.0
9577724000,0.0,0.0,0.0,0.0
9577928000,0.0,0.0,0.0,0.0
