timestamp,heartbeat_time,data_rate,rate_multiplier,rate_rx,rate_tx,rate_txerr,remote_system_id,remote_component_id,remote_type,remote_system_status,type,mode,flow_control,forwarding,mavlink_v2,ftp,streams
2563144000,0,4000000.0,1.0,0.0,15.06972,0.0,0,0,0,0,0,2,0,0,0,1,43
2563940000,2563936000,4000000.0,1.0,0.03884462,11.226094,0.0,255,190,6,4,0,0,0,0,1,1,39
2564144000,0,4000000.0,1.0,0.0,15.060756,0.0,0,0,0,0,0,2,0,0,0,1,43
2564792000,2564788000,4000000.0,1.0,0.020916333,11.435258,0.0,255,190,6,4,0,0,0,0,1,1,39
2565144000,0,4000000.0,1.0,0.0,15.297808,0.0,0,0,0,0,0,2,0,0,0,1,43
2565712000,2565712000,4000000.0,1.0,0.06474103,11.155377,0.0,255,190,6,4,0,0,0,0,1,1,39
2566144000,0,4000000.0,1.0,0.0,15.15239,0.0,0,0,0,0,0,2,0,0,0,1,43
2566624000,2566620000,4000000.0,1.0,0.020916333,16.445217,0.0,255,190,6,4,0,0,0,0,1,1,39
2567144000,0,4000000.0,1.0,0.0,16.18725,0.0,0,0,0,0,0,2,0,0,0,1,43
2567536000,2567532000,4000000.0,1.0,0.020916333,16.248007,0.0,255,190,6,4,0,0,0,0,1,1,39
2568144000,0,4000000.0,1.0,0.0,16.105576,0.0,0,0,0,0,0,2,0,0,0,1,43
2568428000,2568424000,4000000.0,1.0,0.020916333,16.718126,0.0,255,190,6,4,0,0,0,0,1,1,39
2569144000,0,4000000.0,1.0,0.0,16.115536,0.0,0,0,0,0,0,2,0,0,0,1,43
2569336000,2569332000,4000000.0,1.0,0.020916333,16.248007,0.0,255,190,6,4,0,0,0,0,1,1,39
2570144000,0,4000000.0,1.0,0.0,16.037848,0.0,0,0,0,0,0,2,0,0,0,1,43
2570216000,2570212000,4000000.0,1.0,0.020916333,16.248007,0.0,255,190,6,4,0,0,0,0,1,1,39
2571116000,2571112000,4000000.0,1.0,0.06772908,16.64741,0.0,255,190,6,4,0,0,0,0,1,1,39
2571144000,0,4000000.0,1.0,0.0,16.250994,0.0,0,0,0,0,0,2,0,0,0,1,43
2572020000,2572016000,4000000.0,1.0,0.020916333,16.398405,0.0,255,190,6,4,0,0,0,0,1,1,39
2572144000,0,4000000.0,1.0,0.0,16.037848,0.0,0,0,0,0,0,2,0,0,0,1,43
2572912000,2572908000,4000000.0,1.0,0.020916333,16.585655,0.0,255,190,6,4,0,0,0,0,1,1,39
2573144000,0,4000000.0,1.0,0.0,16.115536,0.0,0,0,0,0,0,2,0,0,0,1,43
2573808000,2573804000,4000000.0,1.0,0.020916333,16.380476,0.0,255,190,6,4,0,0,0,0,1,1,39
2574144000,0,4000000.0,1.0,0.0,15.964142,0.0,0,0,0,0,0,2,0,0,0,1,43
2574716000,2574712000,4000000.0,1.0,0.020916333,16.585655,0.0,255,190,6,4,0,0,0,0,1,1,39
2575144000,0,4000000.0,1.0,0.0,16.17729,0.0,0,0,0,0,0,2,0,0,0,1,43
2575616000,2575612000,4000000.0,1.0,0.020916333,16.288843,0.0,255,190,6,4,0,0,0,0,1,1,39
2576144000,0,4000000.0,1.0,0.0,16.15737,0.0,0,0,0,0,0,2,0,0,0,1,43
2576528000,2576524000,4000000.0,1.0,0.020916333,16.62948,0.0,255,190,6,4,0,0,0,0,1,1,39
2577144000,0,4000000.0,1.0,0.0,16.141434,0.0,0,0,0,0,0,2,0,0,0,1,43
2577416000,2577412000,4000000.0,1.0,0.020916333,16.35458,0.0,255,190,6,4,0,0,0,0,1,1,39
2578144000,0,4000000.0,1.0,0.0,16.001991,0.0,0,0,0,0,0,2,0,0,0,1,43
2578312000,2578308000,4000000.0,1.0,0.020916333,16.718126,0.0,255,190,6,4,0,0,0,0,1,1,39
2579144000,0,4000000.0,1.0,0.0,16.105576,0.0,0,0,0,0,0,2,0,0,0,1,43
2579204000,2579200000,4000000.0,1.0,0.020916333,16.718126,0.0,255,190,6,4,0,0,0,0,1,1,39
2580144000,2580140000,4000000.0,1.0,0.041832667,16.351593,0.0,255,190,6,4,0,0,0,0,1,1,39
2580144000,0,4000000.0,1.0,0.0,16.117529,0.0,0,0,0,0,0,2,0,0,0,1,43
2581044000,2581040000,4000000.0,1.0,0.046812747,16.69721,0.0,255,190,6,4,0,0,0,0,1,1,39
2581144000,0,4000000.0,1.0,0.0,16.587648,0.0,0,0,0,0,0,2,0,0,0,1,43
2581964000,2581964000,4000000.0,1.0,0.020916333,16.398405,0.0,255,190,6,4,0,0,0,0,1,1,39
2582144000,0,4000000.0,1.0,0.0,16.037848,0.0,0,0,0,0,0,2,0,0,0,1,43
2582848000,2582844000,4000000.0,1.0,0.020916333,16.598604,0.0,255,190,6,4,0,0,0,0,1,1,39
2583144000,0,4000000.0,1.0,0.0,16.141434,0.0,0,0,0,0,0,2,0,0,0,1,43
2583732000,2583728000,4000000.0,1.0,0.020916333,16.367529,0.0,255,190,6,4,0,0,0,0,1,1,39
2584144000,0,4000000.0,1.0,0.0,16.011951,0.0,0,0,0,0,0,2,0,0,0,1,43
2584640000,2584636000,4000000.0,1.0,0.020916333,16.585655,0.0,255,190,6,4,0,0,0,0,1,1,39
2585144000,0,4000000.0,1.0,0.0,16.141434,0.0,0,0,0,0,0,2,0,0,0,1,43
2585520000,2585516000,4000000.0,1.0,0.020916333,16.288843,0.0,255,190,6,4,0,0,0,0,1,1,39
2586144000,0,4000000.0,1.0,0.0,16.14741,0.0,0,0,0,0,0,2,0,0,0,1,43
2586400000,2586396000,4000000.0,1.0,0.020916333,16.736053,0.0,255,190,6,4,0,0,0,0,1,1,39
2587144000,0,4000000.0,1.0,0.0,16.141434,0.0,0,0,0,0,0,2,0,0,0,1,43
2587288000,2587284000,4000000.0,1.0,0.020916333,16.736053,0.0,255,190,6,4,0,0,0,0,1,1,39
2588144000,0,4000000.0,1.0,0.0,16.011951,0.0,0,0,0,0,0,2,0,0,0,1,43
2588200000,2588196000,4000000.0,1.0,0.041832667,16.248007,0.0,255,190,6,4,0,0,0,0,1,1,39
2589088000,2589084000,4000000.0,1.0,0.020916333,16.718126,0.0,255,190,6,4,0,0,0,0,1,1,39
2589144000,0,4000000.0,1.0,0.0,16.105576,0.0,0,0,0,0,0,2,0,0,0,1,43
2590008000,2590004000,4000000.0,1.0,0.020916333,16.248007,0.0,255,190,6,4,0,0,0,0,1,1,39
2590144000,0,4000000.0,1.0,0.0,15.974102,0.0,0,0,0,0,0,2,0,0,0,1,43
2590928000,2590924000,4000000.0,1.0,0.046812747,16.635456,0.0,255,190,6,4,0,0,0,0,1,1,39
2591144000,0,4000000.0,1.0,0.0,16.286852,0.0,0,0,0,0,0,2,0,0,0,1,43
2591816000,2591812000,4000000.0,1.0,0.020916333,16.429281,0.0,255,190,6,4,0,0,0,0,1,1,39
2592144000,0,4000000.0,1.0,0.0,16.047808,0.0,0,0,0,0,0,2,0,0,0,1,43
2592700000,2592696000,4000000.0,1.0,0.020916333,16.598604,0.0,255,190,6,4,0,0,0,0,1,1,39
2593144000,0,4000000.0,1.0,0.0,16.209162,0.0,0,0,0,0,0,2,0,0,0,1,43
2593600000,2593596000,4000000.0,1.0,0.020916333,16.367529,0.0,255,190,6,4,0,0,0,0,1,1,39
2594144000,0,4000000.0,1.0,0.0,16.037848,0.0,0,0,0,0,0,2,0,0,0,1,43
2594492000,2594488000,4000000.0,1.0,0.020916333,16.585655,0.0,255,190,6,4,0,0,0,0,1,1,39
2595144000,0,4000000.0,1.0,0.0,16.105576,0.0,0,0,0,0,0,2,0,0,0,1,43
2595376000,2595376000,4000000.0,1.0,0.020916333,16.275894,0.0,255,190,6,4,0,0,0,0,1,1,39
2596144000,0,4000000.0,1.0,0.0,16.183266,0.0,0,0,0,0,0,2,0,0,0,1,43
2596284000,2596280000,4000000.0,1.0,0.020916333,16.275894,0.0,255,190,6,4,0,0,0,0,1,1,39
2597144000,0,4000000.0,1.0,0.0,16.105576,0.0,0,0,0,0,0,2,0,0,0,1,43
2597172000,2597172000,4000000.0,1.0,0.041832667,16.736053,0.0,255,190,6,4,0,0,0,0,1,1,39
2598112000,2598108000,4000000.0,1.0,0.020916333,16.248007,0.0,255,190,6,4,0,0,0,0,1,1,39
2598144000,0,4000000.0,1.0,0.0,16.011951,0.0,0,0,0,0,0,2,0,0,0,1,43
2599000000,2598996000,4000000.0,1.0,0.020916333,16.718126,0.0,255,190,6,4,0,0,0,0,1,1,39
2599144000,0,4000000.0,1.0,0.0,16.151394,0.0,0,0,0,0,0,2,0,0,0,1,43
2599900000,2599896000,4000000.0,1.0,0.020916333,16.248007,0.0,255,190,6,4,0,0,0,0,1,1,39
2600144000,0,4000000.0,1.0,0.0,15.999999,0.0,0,0,0,0,0,2,0,0,0,1,43
2600780000,2600776000,4000000.0,1.0,0.046812747,16.648405,0.0,255,190,6,4,0,0,0,0,1,1,39
2601144000,0,4000000.0,1.0,0.0,16.286852,0.0,0,0,0,0,0,2,0,0,0,1,43
2601668000,2601664000,4000000.0,1.0,0.020916333,16.398405,0.0,255,190,6,4,0,0,0,0,1,1,39
2602144000,0,4000000.0,1.0,0.0,16.011951,0.0,0,0,0,0,0,2,0,0,0,1,43
2602576000,2602572000,4000000.0,1.0,0.020916333,16.776892,0.0,255,190,6,4,0,0,0,0,1,1,39
2603144000,0,4000000.0,1.0,0.0,16.236053,0.0,0,0,0,0,0,2,0,0,0,1,43
2603476000,2603472000,4000000.0,1.0,0.020916333,16.545815,0.0,255,190,6,4,0,0,0,0,1,1,39
2604144000,0,4000000.0,1.0,0.0,16.169321,0.0,0,0,0,0,0,2,0,0,0,1,43
2604364000,2604360000,4000000.0,1.0,0.020916333,16.545815,0.0,255,190,6,4,0,0,0,0,1,1,39
2605144000,0,4000000.0,1.0,0.0,16.146414,0.0,0,0,0,0,0,2,0,0,0,1,43
2605248000,2605244000,4000000.0,1.0,0.041832667,16.585655,0.0,255,190,6,4,0,0,0,0,1,1,39
2606132000,2606128000,4000000.0,1.0,0.020916333,16.281872,0.0,255,190,6,4,0,0,0,0,1,1,39
2606144000,0,4000000.0,1.0,0.0,16.421314,0.0,0,0,0,0,0,2,0,0,0,1,43
2607028000,2607024000,4000000.0,1.0,0.020916333,16.736053,0.0,255,190,6,4,0,0,0,0,1,1,39
2607144000,0,4000000.0,1.0,0.0,16.105576,0.0,0,0,0,0,0,2,0,0,0,1,43
2607916000,2607912000,4000000.0,1.0,0.020916333,16.45219,0.0,255,190,6,4,0,0,0,0,1,1,39
2608144000,0,4000000.0,1.0,0.0,16.198206,0.0,0,0,0,0,0,2,0,0,0,1,43
2608804000,2608800000,4000000.0,1.0,0.020916333,16.788843,0.0,255,190,6,4,0,0,0,0,1,1,39
2609144000,0,4000000.0,1.0,0.0,16.303783,0.0,0,0,0,0,0,2,0,0,0,1,43
2609728000,2609728000,4000000.0,1.0,0.020916333,16.242031,0.0,255,190,6,4,0,0,0,0,1,1,39
2610144000,0,4000000.0,1.0,0.0,16.001991,0.0,0,0,0,0,0,2,0,0,0,1,43
2610640000,2610636000,4000000.0,1.0,0.046812747,16.598604,0.0,255,190,6,4,0,0,0,0,1,1,39
2611144000,0,4000000.0,1.0,0.0,16.286852,0.0,0,0,0,0,0,2,0,0,0,1,43
2611524000,2611520000,4000000.0,1.0,0.020916333,16.726093,0.0,255,190,6,4,0,0,0,0,1,1,39
2612144000,0,4000000.0,1.0,0.0,16.001991,0.0,0,0,0,0,0,2,0,0,0,1,43
2612412000,2612408000,4000000.0,1.0,0.020916333,16.3994,0.0,255,190,6,4,0,0,0,0,1,1,39
2613144000,0,4000000.0,1.0,0.0,16.115536,0.0,0,0,0,0,0,2,0,0,0,1,43
2613308000,2613304000,4000000.0,1.0,0.020916333,16.3994,0.0,255,190,6,4,0,0,0,0,1,1,39
2614144000,0,4000000.0,1.0,0.0,15.974205,0.0,0,0,0,0,0,2,0,0,0,1,43
2614200000,2614196000,4000000.0,1.0,0.041832667,16.453186,0.0,255,190,6,4,0,0,0,0,1,1,39
2615084000,2615080000,4000000.0,1.0,0.020916333,16.41235,0.0,255,190,6,4,0,0,0,0,1,1,39
2615144000,0,4000000.0,1.0,0.0,16.223106,0.0,0,0,0,0,0,2,0,0,0,1,43
2616024000,2616020000,4000000.0,1.0,0.020916333,16.362549,0.0,255,190,6,4,0,0,0,0,1,1,39
2616144000,0,4000000.0,1.0,0.0,16.037848,0.0,0,0,0,0,0,2,0,0,0,1,43
2616908000,2616904000,4000000.0,1.0,0.020916333,16.549799,0.0,255,190,6,4,0,0,0,0,1,1,39
2617144000,0,4000000.0,1.0,0.0,16.245018,0.0,0,0,0,0,0,2,0,0,0,1,43
2617812000,2617812000,4000000.0,1.0,0.020916333,16.33466,0.0,255,190,6,4,0,0,0,0,1,1,39
2618144000,0,4000000.0,1.0,0.0,16.001991,0.0,0,0,0,0,0,2,0,0,0,1,43
2618720000,2618716000,4000000.0,1.0,0.020916333,16.517927,0.0,255,190,6,4,0,0,0,0,1,1,39
2619144000,0,4000000.0,1.0,0.0,16.141434,0.0,0,0,0,0,0,2,0,0,0,1,43
2619624000,2619620000,4000000.0,1.0,0.020916333,16.347609,0.0,255,190,6,4,0,0,0,0,1,1,39
2620144000,0,4000000.0,1.0,0.0,16.14741,0.0,0,0,0,0,0,2,0,0,0,1,43
2620520000,2620516000,4000000.0,1.0,0.046812747,16.449202,0.0,255,190,6,4,0,0,0,0,1,1,39
2621144000,0,4000000.0,1.0,0.0,16.115536,0.0,0,0,0,0,0,2,0,0,0,1,43
2621400000,2621396000,4000000.0,1.0,0.046812747,16.449202,0.0,255,190,6,4,0,0,0,0,1,1,39
2622144000,0,4000000.0,1.0,0.0,16.001991,0.0,0,0,0,0,0,2,0,0,0,1,43
2622280000,2622276000,4000000.0,1.0,0.041832667,16.485058,0.0,255,190,6,4,0,0,0,0,1,1,39
2623144000,0,4000000.0,1.0,0.0,16.141434,0.0,0,0,0,0,0,2,0,0,0,1,43
2623196000,2623192000,4000000.0,1.0,0.020916333,16.403385,0.0,255,190,6,4,0,0,0,0,1,1,39
2624100000,2624096000,4000000.0,1.0,0.020916333,16.628485,0.0,255,190,6,4,0,0,0,0,1,1,39
2624144000,0,4000000.0,1.0,0.0,16.111553,0.0,0,0,0,0,0,2,0,0,0,1,43
2624992000,2624988000,4000000.0,1.0,0.020916333,16.41235,0.0,255,190,6,4,0,0,0,0,1,1,39
2625144000,0,4000000.0,1.0,0.0,16.268923,0.0,0,0,0,0,0,2,0,0,0,1,43
2625884000,2625884000,4000000.0,1.0,0.020916333,16.423306,0.0,255,190,6,4,0,0,0,0,1,1,39
2626144000,0,4000000.0,1.0,0.0,16.031872,0.0,0,0,0,0,0,2,0,0,0,1,43
2626784000,2626780000,4000000.0,1.0,0.020916333,16.716133,0.0,255,190,6,4,0,0,0,0,1,1,39
2627144000,0,4000000.0,1.0,0.0,16.195217,0.0,0,0,0,0,0,2,0,0,0,1,43
2627680000,2627676000,4000000.0,1.0,0.020916333,16.39741,0.0,255,190,6,4,0,0,0,0,1,1,39
2628144000,0,4000000.0,1.0,0.0,16.011951,0.0,0,0,0,0,0,2,0,0,0,1,43
2628624000,2628620000,4000000.0,1.0,0.020916333,16.568724,0.0,255,190,6,4,0,0,0,0,1,1,39
2629144000,0,4000000.0,1.0,0.0,16.141434,0.0,0,0,0,0,0,2,0,0,0,1,43
2629528000,2629524000,4000000.0,1.0,0.020916333,16.38446,0.0,255,190,6,4,0,0,0,0,1,1,39
2630144000,0,4000000.0,1.0,0.0,16.424301,0.0,0,0,0,0,0,2,0,0,0,1,43
2630448000,2630444000,4000000.0,1.0,0.020916333,16.38446,0.0,255,190,6,4,0,0,0,0,1,1,39
2631144000,0,4000000.0,1.0,0.0,16.151394,0.0,0,0,0,0,0,2,0,0,0,1,43
2631336000,2631332000,4000000.0,1.0,0.06772908,16.499002,0.0,255,190,6,4,0,0,0,0,1,1,39
2632144000,0,4000000.0,1.0,0.0,16.037848,0.0,0,0,0,0,0,2,0,0,0,1,43
2632224000,2632220000,4000000.0,1.0,0.020916333,16.534859,0.0,255,190,6,4,0,0,0,0,1,1,39
2633120000,2633116000,4000000.0,1.0,0.020916333,16.46215,0.0,255,190,6,4,0,0,0,0,1,1,39
2633144000,0,4000000.0,1.0,0.0,16.105576,0.0,0,0,0,0,0,2,0,0,0,1,43
2634036000,2634032000,4000000.0,1.0,0.020916333,16.503983,0.0,255,190,6,4,0,0,0,0,1,1,39
2634144000,0,4000000.0,1.0,0.0,16.047808,0.0,0,0,0,0,0,2,0,0,0,1,43
2634952000,2634948000,4000000.0,1.0,0.020916333,16.449202,0.0,255,190,6,4,0,0,0,0,1,1,39
2635144000,0,4000000.0,1.0,0.0,16.215137,0.0,0,0,0,0,0,2,0,0,0,1,43
2635860000,2635856000,4000000.0,1.0,0.020916333,16.41235,0.0,255,190,6,4,0,0,0,0,1,1,39
2636144000,0,4000000.0,1.0,0.0,16.011951,0.0,0,0,0,0,0,2,0,0,0,1,43
2636764000,2636764000,4000000.0,1.0,0.020916333,16.612549,0.0,255,190,6,4,0,0,0,0,1,1,39
2637144000,0,4000000.0,1.0,0.0,16.141434,0.0,0,0,0,0,0,2,0,0,0,1,43
2637688000,2637684000,4000000.0,1.0,0.020916333,16.38446,0.0,255,190,6,4,0,0,0,0,1,1,39
2638144000,0,4000000.0,1.0,0.0,16.011951,0.0,0,0,0,0,0,2,0,0,0,1,43
2638596000,2638592000,4000000.0,1.0,0.020916333,16.581673,0.0,255,190,6,4,0,0,0,0,1,1,39
2639144000,0,4000000.0,1.0,0.0,16.105576,0.0,0,0,0,0,0,2,0,0,0,1,43
2639524000,2639520000,4000000.0,1.0,0.020916333,16.38446,0.0,255,190,6,4,0,0,0,0,1,1,39
2640144000,0,4000000.0,1.0,0.0,16.11952,0.0,0,0,0,0,0,2,0,0,0,1,43
2640400000,2640396000,4000000.0,1.0,0.020916333,16.38446,0.0,255,190,6,4,0,0,0,0,1,1,39
2641144000,0,4000000.0,1.0,0.0,16.191235,0.0,0,0,0,0,0,2,0,0,0,1,43
2641300000,2641296000,4000000.0,1.0,0.06772908,16.576693,0.0,255,190,6,4,0,0,0,0,1,1,39
2642144000,0,4000000.0,1.0,0.0,16.211153,0.0,0,0,0,0,0,2,0,0,0,1,43
2642184000,2642180000,4000000.0,1.0,0.020916333,16.625496,0.0,255,190,6,4,0,0,0,0,1,1,39
2643080000,2643076000,4000000.0,1.0,0.020916333,16.449202,0.0,255,190,6,4,0,0,0,0,1,1,39
2643144000,0,4000000.0,1.0,0.0,16.105576,0.0,0,0,0,0,0,2,0,0,0,1,43
2643956000,2643952000,4000000.0,1.0,0.020916333,16.503983,0.0,255,190,6,4,0,0,0,0,1,1,39
2644144000,0,4000000.0,1.0,0.0,16.001991,0.0,0,0,0,0,0,2,0,0,0,1,43
2644856000,2644852000,4000000.0,1.0,0.020916333,16.449202,0.0,255,190,6,4,0,0,0,0,1,1,39
2645144000,0,4000000.0,1.0,0.0,16.286852,0.0,0,0,0,0,0,2,0,0,0,1,43
2645728000,2645724000,4000000.0,1.0,0.020916333,16.425297,0.0,255,190,6,4,0,0,0,0,1,1,39
2646144000,0,4000000.0,1.0,0.0,16.001991,0.0,0,0,0,0,0,2,0,0,0,1,43
2646616000,2646612000,4000000.0,1.0,0.020916333,16.803783,0.0,255,190,6,4,0,0,0,0,1,1,39
2647144000,0,4000000.0,1.0,0.0,16.281872,0.0,0,0,0,0,0,2,0,0,0,1,43
2647504000,2647500000,4000000.0,1.0,0.020916333,16.803783,0.0,255,190,6,4,0,0,0,0,1,1,39
2648144000,0,4000000.0,1.0,0.0,16.133465,0.0,0,0,0,0,0,2,0,0,0,1,43
2648396000,2648392000,4000000.0,1.0,0.041832667,16.562748,0.0,255,190,6,4,0,0,0,0,1,1,39
2649144000,0,4000000.0,1.0,0.0,16.18227,0.0,0,0,0,0,0,2,0,0,0,1,43
2649284000,2649280000,4000000.0,1.0,0.020916333,16.568724,0.0,255,190,6,4,0,0,0,0,1,1,39
2650144000,0,4000000.0,1.0,0.0,16.155376,0.0,0,0,0,0,0,2,0,0,0,1,43
2650168000,2650164000,4000000.0,1.0,0.020916333,16.38446,0.0,255,190,6,4,0,0,0,0,1,1,39
2651052000,2651048000,4000000.0,1.0,0.046812747,16.499002,0.0,255,190,6,4,0,0,0,0,1,1,39
2651144000,0,4000000.0,1.0,0.0,16.105576,0.0,0,0,0,0,0,2,0,0,0,1,43
2651932000,2651928000,4000000.0,1.0,0.020916333,16.547808,0.0,255,190,6,4,0,0,0,0,1,1,39
2652144000,0,4000000.0,1.0,0.0,16.037848,0.0,0,0,0,0,0,2,0,0,0,1,43
2652824000,2652820000,4000000.0,1.0,0.020916333,16.449202,0.0,255,190,6,4,0,0,0,0,1,1,39
2653144000,0,4000000.0,1.0,0.0,16.115536,0.0,0,0,0,0,0,2,0,0,0,1,43
2653700000,2653696000,4000000.0,1.0,0.020916333,16.534859,0.0,255,190,6,4,0,0,0,0,1,1,39
2654144000,0,4000000.0,1.0,0.0,16.001991,0.0,0,0,0,0,0,2,0,0,0,1,43
2654580000,2654576000,4000000.0,1.0,0.020916333,16.449202,0.0,255,190,6,4,0,0,0,0,1,1,39
2655144000,0,4000000.0,1.0,0.0,16.555775,0.0,0,0,0,0,0,2,0,0,0,1,43
2655464000,2655460000,4000000.0,1.0,0.020916333,16.449202,0.0,255,190,6,4,0,0,0,0,1,1,39
2656144000,0,4000000.0,1.0,0.0,16.011951,0.0,0,0,0,0,0,2,0,0,0,1,43
2656348000,2656344000,4000000.0,1.0,0.041832667,16.41235,0.0,255,190,6,4,0,0,0,0,1,1,39
2657148000,0,4000000.0,1.0,0.0,16.141434,0.0,0,0,0,0,0,2,0,0,0,1,43
2657232000,2657228000,4000000.0,1.0,0.020916333,16.612549,0.0,255,190,6,4,0,0,0,0,1,1,39
2658112000,2658108000,4000000.0,1.0,0.020916333,16.38446,0.0,255,190,6,4,0,0,0,0,1,1,39
2658148000,0,4000000.0,1.0,0.0,16.001991,0.0,0,0,0,0,0,2,0,0,0,1,43
2659000000,2658996000,4000000.0,1.0,0.020916333,16.568724,0.0,255,190,6,4,0,0,0,0,1,1,39
2659148000,0,4000000.0,1.0,0.0,16.141434,0.0,0,0,0,0,0,2,0,0,0,1,43
2659872000,2659868000,4000000.0,1.0,0.020916333,16.38446,0.0,255,190,6,4,0,0,0,0,1,1,39
2660148000,0,4000000.0,1.0,0.0,16.14741,0.0,0,0,0,0,0,2,0,0,0,1,43
2660768000,2660764000,4000000.0,1.0,0.046812747,16.511951,0.0,255,190,6,4,0,0,0,0,1,1,39
2661148000,0,4000000.0,1.0,0.0,16.141434,0.0,0,0,0,0,0,2,0,0,0,1,43
2661644000,2661640000,4000000.0,1.0,0.020916333,16.534859,0.0,255,190,6,4,0,0,0,0,1,1,39
2662148000,0,4000000.0,1.0,0.0,16.001991,0.0,0,0,0,0,0,2,0,0,0,1,43
2662532000,2662528000,4000000.0,1.0,0.020916333,16.534859,0.0,255,190,6,4,0,0,0,0,1,1,39
2663148000,0,4000000.0,1.0,0.0,16.115536,0.0,0,0,0,0,0,2,0,0,0,1,43
2663416000,2663416000,4000000.0,1.0,0.041832667,16.449202,0.0,255,190,6,4,0,0,0,0,1,1,39
2664148000,0,4000000.0,1.0,0.0,16.001991,0.0,0,0,0,0,0,2,0,0,0,1,43
2664296000,2664292000,4000000.0,1.0,0.020916333,16.503983,0.0,255,190,6,4,0,0,0,0,1,1,39
2665148000,0,4000000.0,1.0,0.0,16.322708,0.0,0,0,0,0,0,2,0,0,0,1,43
2665176000,2665172000,4000000.0,1.0,0.020916333,16.449202,0.0,255,190,6,4,0,0,0,0,1,1,39
2666060000,2666056000,4000000.0,1.0,0.020916333,16.425297,0.0,255,190,6,4,0,0,0,0,1,1,39
2666148000,0,4000000.0,1.0,0.0,15.964142,0.0,0,0,0,0,0,2,0,0,0,1,43
2666944000,2666940000,4000000.0,1.0,0.020916333,16.5996,0.0,255,190,6,4,0,0,0,0,1,1,39
2667148000,0,4000000.0,1.0,0.0,16.209162,0.0,0,0,0,0,0,2,0,0,0,1,43
2667836000,2667832000,4000000.0,1.0,0.020916333,16.38446,0.0,255,190,6,4,0,0,0,0,1,1,39
2668148000,0,4000000.0,1.0,0.0,16.037848,0.0,0,0,0,0,0,2,0,0,0,1,43
2668716000,2668712000,4000000.0,1.0,0.020916333,16.568724,0.0,255,190,6,4,0,0,0,0,1,1,39
2669148000,0,4000000.0,1.0,0.0,16.105576,0.0,0,0,0,0,0,2,0,0,0,1,43
2669596000,2669592000,4000000.0,1.0,0.020916333,16.568724,0.0,255,190,6,4,0,0,0,0,1,1,39
2670148000,0,4000000.0,1.0,0.0,16.183266,0.0,0,0,0,0,0,2,0,0,0,1,43
2670480000,2670476000,4000000.0,1.0,0.041832667,16.39741,0.0,255,190,6,4,0,0,0,0,1,1,39
2671148000,0,4000000.0,1.0,0.0,16.105576,0.0,0,0,0,0,0,2,0,0,0,1,43
2671360000,2671356000,4000000.0,1.0,0.046812747,16.499002,0.0,255,190,6,4,0,0,0,0,1,1,39
2672148000,0,4000000.0,1.0,0.0,16.001991,0.0,0,0,0,0,0,2,0,0,0,1,43
2672244000,2672240000,4000000.0,1.0,0.020916333,16.534859,0.0,255,190,6,4,0,0,0,0,1,1,39
2673128000,2673124000,4000000.0,1.0,0.020916333,16.449202,0.0,255,190,6,4,0,0,0,0,1,1,39
2673148000,0,4000000.0,1.0,0.0,16.141434,0.0,0,0,0,0,0,2,0,0,0,1,43
2674008000,2674004000,4000000.0,1.0,0.020916333,16.503983,0.0,255,190,6,4,0,0,0,0,1,1,39
2674148000,0,4000000.0,1.0,0.0,16.037848,0.0,0,0,0,0,0,2,0,0,0,1,43
2674892000,2674888000,4000000.0,1.0,0.020916333,16.449202,0.0,255,190,6,4,0,0,0,0,1,1,39
2675148000,0,4000000.0,1.0,0.0,16.286852,0.0,0,0,0,0,0,2,0,0,0,1,43
2675776000,2675772000,4000000.0,1.0,0.020916333,16.47709,0.0,255,190,6,4,0,0,0,0,1,1,39
2676148000,0,4000000.0,1.0,0.0,16.033863,0.0,0,0,0,0,0,2,0,0,0,1,43
2676656000,2676652000,4000000.0,1.0,0.020916333,16.47709,0.0,255,190,6,4,0,0,0,0,1,1,39
2677148000,0,4000000.0,1.0,0.0,16.165337,0.0,0,0,0,0,0,2,0,0,0,1,43
2677544000,2677540000,4000000.0,1.0,0.041832667,16.690237,0.0,255,190,6,4,0,0,0,0,1,1,39
2678148000,0,4000000.0,1.0,0.0,16.047808,0.0,0,0,0,0,0,2,0,0,0,1,43
2678424000,2678420000,4000000.0,1.0,0.020916333,16.38446,0.0,255,190,6,4,0,0,0,0,1,1,39
2679148000,0,4000000.0,1.0,0.0,16.205177,0.0,0,0,0,0,0,2,0,0,0,1,43
2679316000,2679312000,4000000.0,1.0,0.020916333,16.685257,0.0,255,190,6,4,0,0,0,0,1,1,39
2680148000,0,4000000.0,1.0,0.0,16.480078,0.0,0,0,0,0,0,2,0,0,0,1,43
2680200000,2680196000,4000000.0,1.0,0.020916333,16.436255,0.0,255,190,6,4,0,0,0,0,1,1,39
2681084000,2681080000,4000000.0,1.0,0.046812747,16.499002,0.0,255,190,6,4,0,0,0,0,1,1,39
2681148000,0,4000000.0,1.0,0.0,16.06972,0.0,0,0,0,0,0,2,0,0,0,1,43
2681964000,2681960000,4000000.0,1.0,0.020916333,16.534859,0.0,255,190,6,4,0,0,0,0,1,1,39
2682148000,0,4000000.0,1.0,0.0,16.073704,0.0,0,0,0,0,0,2,0,0,0,1,43
2682856000,2682856000,4000000.0,1.0,0.020916333,16.449202,0.0,255,190,6,4,0,0,0,0,1,1,39
2683148000,0,4000000.0,1.0,0.0,16.105576,0.0,0,0,0,0,0,2,0,0,0,1,43
2683732000,2683728000,4000000.0,1.0,0.020916333,16.503983,0.0,255,190,6,4,0,0,0,0,1,1,39
2684148000,0,4000000.0,1.0,0.0,16.001991,0.0,0,0,0,0,0,2,0,0,0,1,43
2684612000,2684608000,4000000.0,1.0,0.020916333,16.503983,0.0,255,190,6,4,0,0,0,0,1,1,39
2685148000,0,4000000.0,1.0,0.0,16.260954,0.0,0,0,0,0,0,2,0,0,0,1,43
2685500000,2685496000,4000000.0,1.0,0.041832667,16.46215,0.0,255,190,6,4,0,0,0,0,1,1,39
2686148000,0,4000000.0,1.0,0.0,16.037848,0.0,0,0,0,0,0,2,0,0,0,1,43
2686380000,2686376000,4000000.0,1.0,0.020916333,16.41235,0.0,255,190,6,4,0,0,0,0,1,1,39
2687148000,0,4000000.0,1.0,0.0,16.215137,0.0,0,0,0,0,0,2,0,0,0,1,43
2687264000,2687260000,4000000.0,1.0,0.020916333,16.729082,0.0,255,190,6,4,0,0,0,0,1,1,39
2688148000,0,4000000.0,1.0,0.0,16.047808,0.0,0,0,0,0,0,2,0,0,0,1,43
2688152000,2688148000,4000000.0,1.0,0.020916333,16.423306,0.0,255,190,6,4,0,0,0,0,1,1,39
2689036000,2689032000,4000000.0,1.0,0.020916333,16.546812,0.0,255,190,6,4,0,0,0,0,1,1,39
2689148000,0,4000000.0,1.0,0.0,16.105576,0.0,0,0,0,0,0,2,0,0,0,1,43
2689920000,2689916000,4000000.0,1.0,0.020916333,16.38446,0.0,255,190,6,4,0,0,0,0,1,1,39
2690148000,0,4000000.0,1.0,0.0,16.183266,0.0,0,0,0,0,0,2,0,0,0,1,43
2690800000,2690796000,4000000.0,1.0,0.046812747,16.499002,0.0,255,190,6,4,0,0,0,0,1,1,39
2691148000,0,4000000.0,1.0,0.0,16.113544,0.0,0,0,0,0,0,2,0,0,0,1,43
2691692000,2691688000,4000000.0,1.0,0.046812747,16.499002,0.0,255,190,6,4,0,0,0,0,1,1,39
2692148000,0,4000000.0,1.0,0.0,16.296812,0.0,0,0,0,0,0,2,0,0,0,1,43
2692576000,2692572000,4000000.0,1.0,0.041832667,16.721113,0.0,255,190,6,4,0,0,0,0,1,1,39
2693148000,0,4000000.0,1.0,0.0,16.21215,0.0,0,0,0,0,0,2,0,0,0,1,43
2693460000,2693456000,4000000.0,1.0,0.020916333,16.63247,0.0,255,190,6,4,0,0,0,0,1,1,39
2694148000,0,4000000.0,1.0,0.0,16.042828,0.0,0,0,0,0,0,2,0,0,0,1,43
2694340000,2694336000,4000000.0,1.0,0.020916333,16.516932,0.0,255,190,6,4,0,0,0,0,1,1,39
2695148000,0,4000000.0,1.0,0.0,16.260954,0.0,0,0,0,0,0,2,0,0,0,1,43
2695232000,2695228000,4000000.0,1.0,0.020916333,16.826693,0.0,255,190,6,4,0,0,0,0,1,1,39
2696116000,2696112000,4000000.0,1.0,0.020916333,16.255974,0.0,255,190,6,4,0,0,0,0,1,1,39
2696148000,0,4000000.0,1.0,0.0,16.037848,0.0,0,0,0,0,0,2,0,0,0,1,43
2696996000,2696992000,4000000.0,1.0,0.020916333,16.686253,0.0,255,190,6,4,0,0,0,0,1,1,39
2697148000,0,4000000.0,1.0,0.0,16.105576,0.0,0,0,0,0,0,2,0,0,0,1,43
2697876000,2697872000,4000000.0,1.0,0.020916333,16.198206,0.0,255,190,6,4,0,0,0,0,1,1,39
2698148000,0,4000000.0,1.0,0.0,16.037848,0.0,0,0,0,0,0,2,0,0,0,1,43
2698752000,2698748000,4000000.0,1.0,0.020916333,16.65438,0.0,255,190,6,4,0,0,0,0,1,1,39
2699148000,0,4000000.0,1.0,0.0,16.141434,0.0,0,0,0,0,0,2,0,0,0,1,43
2699632000,2699628000,4000000.0,1.0,0.020916333,16.65438,0.0,255,190,6,4,0,0,0,0,1,1,39
2700148000,0,4000000.0,1.0,0.0,16.15737,0.0,0,0,0,0,0,2,0,0,0,1,43
2700520000,2700516000,4000000.0,1.0,0.041832667,16.198206,0.0,255,190,6,4,0,0,0,0,1,1,39
2701148000,0,4000000.0,1.0,0.0,16.093624,0.0,0,0,0,0,0,2,0,0,0,1,43
2701396000,2701392000,4000000.0,1.0,0.046812747,16.598604,0.0,255,190,6,4,0,0,0,0,1,1,39
2702148000,0,4000000.0,1.0,0.0,16.011951,0.0,0,0,0,0,0,2,0,0,0,1,43
2702280000,2702276000,4000000.0,1.0,0.020916333,16.242031,0.0,255,190,6,4,0,0,0,0,1,1,39
2703148000,0,4000000.0,1.0,0.0,16.141434,0.0,0,0,0,0,0,2,0,0,0,1,43
2703160000,2703156000,4000000.0,1.0,0.020916333,16.64243,0.0,255,190,6,4,0,0,0,0,1,1,39
2704036000,2704032000,4000000.0,1.0,0.020916333,16.316732,0.0,255,190,6,4,0,0,0,0,1,1,39
2704148000,0,4000000.0,1.0,0.0,16.001991,0.0,0,0,0,0,0,2,0,0,0,1,43
2704904000,2704900000,4000000.0,1.0,0.020916333,16.548803,0.0,255,190,6,4,0,0,0,0,1,1,39
2705148000,0,4000000.0,1.0,0.0,16.479082,0.0,0,0,0,0,0,2,0,0,0,1,43
2705788000,2705784000,4000000.0,1.0,0.020916333,16.226093,0.0,255,190,6,4,0,0,0,0,1,1,39
2706148000,0,4000000.0,1.0,0.0,16.047808,0.0,0,0,0,0,0,2,0,0,0,1,43
2706668000,2706664000,4000000.0,1.0,0.020916333,16.226093,0.0,255,190,6,4,0,0,0,0,1,1,39
2707148000,0,4000000.0,1.0,0.0,16.141434,0.0,0,0,0,0,0,2,0,0,0,1,43
2707548000,2707544000,4000000.0,1.0,0.041832667,16.686253,0.0,255,190,6,4,0,0,0,0,1,1,39
2708148000,0,4000000.0,1.0,0.0,16.037848,0.0,0,0,0,0,0,2,0,0,0,1,43
2708428000,2708424000,4000000.0,1.0,0.020916333,16.198206,0.0,255,190,6,4,0,0,0,0,1,1,39
2709148000,0,4000000.0,1.0,0.0,16.105576,0.0,0,0,0,0,0,2,0,0,0,1,43
2709300000,2709296000,4000000.0,1.0,0.020916333,16.65438,0.0,255,190,6,4,0,0,0,0,1,1,39
2710148000,0,4000000.0,1.0,0.0,16.14741,0.0,0,0,0,0,0,2,0,0,0,1,43
2710184000,2710180000,4000000.0,1.0,0.020916333,16.198206,0.0,255,190,6,4,0,0,0,0,1,1,39
2711072000,2711064000,4000000.0,1.0,0.046812747,16.598604,0.0,255,190,6,4,0,0,0,0,1,1,39
2711148000,0,4000000.0,1.0,0.0,16.151394,0.0,0,0,0,0,0,2,0,0,0,1,43
2711952000,2711948000,4000000.0,1.0,0.020916333,16.348604,0.0,255,190,6,4,0,0,0,0,1,1,39
2712148000,0,4000000.0,1.0,0.0,16.001991,0.0,0,0,0,0,0,2,0,0,0,1,43
2712828000,2712824000,4000000.0,1.0,0.020916333,16.535854,0.0,255,190,6,4,0,0,0,0,1,1,39
2713148000,0,4000000.0,1.0,0.0,16.141434,0.0,0,0,0,0,0,2,0,0,0,1,43
2713704000,2713700000,4000000.0,1.0,0.020916333,16.535854,0.0,255,190,6,4,0,0,0,0,1,1,39
2714148000,0,4000000.0,1.0,0.0,16.001991,0.0,0,0,0,0,0,2,0,0,0,1,43
2714584000,2714580000,4000000.0,1.0,0.041832667,16.316732,0.0,255,190,6,4,0,0,0,0,1,1,39
2715148000,0,4000000.0,1.0,0.0,16.286852,0.0,0,0,0,0,0,2,0,0,0,1,43
2715464000,2715460000,4000000.0,1.0,0.020916333,16.548803,0.0,255,190,6,4,0,0,0,0,1,1,39
2716148000,0,4000000.0,1.0,0.0,16.037848,0.0,0,0,0,0,0,2,0,0,0,1,43
2716348000,2716344000,4000000.0,1.0,0.020916333,16.226093,0.0,255,190,6,4,0,0,0,0,1,1,39
2717148000,0,4000000.0,1.0,0.0,16.181274,0.0,0,0,0,0,0,2,0,0,0,1,43
2717236000,2717232000,4000000.0,1.0,0.020916333,16.71713,0.0,255,190,6,4,0,0,0,0,1,1,39
2718116000,2718112000,4000000.0,1.0,0.020916333,16.211153,0.0,255,190,6,4,0,0,0,0,1,1,39
2718148000,0,4000000.0,1.0,0.0,16.001991,0.0,0,0,0,0,0,2,0,0,0,1,43
2718996000,2718992000,4000000.0,1.0,0.020916333,16.65438,0.0,255,190,6,4,0,0,0,0,1,1,39
2719148000,0,4000000.0,1.0,0.0,16.105576,0.0,0,0,0,0,0,2,0,0,0,1,43
2719872000,2719868000,4000000.0,1.0,0.020916333,16.198206,0.0,255,190,6,4,0,0,0,0,1,1,39
2720148000,0,4000000.0,1.0,0.0,16.193226,0.0,0,0,0,0,0,2,0,0,0,1,43
2720760000,2720756000,4000000.0,1.0,0.020916333,16.198206,0.0,255,190,6,4,0,0,0,0,1,1,39
2721148000,0,4000000.0,1.0,0.0,16.105576,0.0,0,0,0,0,0,2,0,0,0,1,43
2721640000,2721636000,4000000.0,1.0,0.06772908,16.585655,0.0,255,190,6,4,0,0,0,0,1,1,39
2722148000,0,4000000.0,1.0,0.0,16.037848,0.0,0,0,0,0,0,2,0,0,0,1,43
2722528000,2722524000,4000000.0,1.0,0.020916333,16.348604,0.0,255,190,6,4,0,0,0,0,1,1,39
2723148000,0,4000000.0,1.0,0.0,16.105576,0.0,0,0,0,0,0,2,0,0,0,1,43
2723416000,2723412000,4000000.0,1.0,0.020916333,16.548803,0.0,255,190,6,4,0,0,0,0,1,1,39
2724148000,0,4000000.0,1.0,0.0,16.047808,0.0,0,0,0,0,0,2,0,0,0,1,43
2724288000,2724284000,4000000.0,1.0,0.020916333,16.316732,0.0,255,190,6,4,0,0,0,0,1,1,39
2725148000,0,4000000.0,1.0,0.0,16.286852,0.0,0,0,0,0,0,2,0,0,0,1,43
2725160000,2725156000,4000000.0,1.0,0.020916333,16.535854,0.0,255,190,6,4,0,0,0,0,1,1,39
2726044000,2726040000,4000000.0,1.0,0.020916333,16.226093,0.0,255,190,6,4,0,0,0,0,1,1,39
2726148000,0,4000000.0,1.0,0.0,16.001991,0.0,0,0,0,0,0,2,0,0,0,1,43
2726928000,2726924000,4000000.0,1.0,0.020916333,16.686253,0.0,255,190,6,4,0,0,0,0,1,1,39
2727148000,0,4000000.0,1.0,0.0,16.067728,0.0,0,0,0,0,0,2,0,0,0,1,43
2727808000,2727804000,4000000.0,1.0,0.020916333,16.686253,0.0,255,190,6,4,0,0,0,0,1,1,39
2728148000,0,4000000.0,1.0,0.0,16.041832,0.0,0,0,0,0,0,2,0,0,0,1,43
2728688000,2728684000,4000000.0,1.0,0.041832667,16.262947,0.0,255,190,6,4,0,0,0,0,1,1,39
2729148000,0,4000000.0,1.0,0.0,16.221113,0.0,0,0,0,0,0,2,0,0,0,1,43
2729564000,2729560000,4000000.0,1.0,0.020916333,16.757967,0.0,255,190,6,4,0,0,0,0,1,1,39
2730148000,0,4000000.0,1.0,0.0,16.434261,0.0,0,0,0,0,0,2,0,0,0,1,43
2730440000,2730436000,4000000.0,1.0,0.020916333,16.198206,0.0,255,190,6,4,0,0,0,0,1,1,39
2731148000,0,4000000.0,1.0,0.0,16.195217,0.0,0,0,0,0,0,2,0,0,0,1,43
2731324000,2731320000,4000000.0,1.0,0.046812747,16.694221,0.0,255,190,6,4,0,0,0,0,1,1,39
2732148000,0,4000000.0,1.0,0.0,16.067728,0.0,0,0,0,0,0,2,0,0,0,1,43
2732216000,2732212000,4000000.0,1.0,0.020916333,16.463146,0.0,255,190,6,4,0,0,0,0,1,1,39
2733100000,2733096000,4000000.0,1.0,0.020916333,16.585655,0.0,255,190,6,4,0,0,0,0,1,1,39
2733148000,0,4000000.0,1.0,0.0,16.141434,0.0,0,0,0,0,0,2,0,0,0,1,43
2733972000,2733968000,4000000.0,1.0,0.020916333,16.367529,0.0,255,190,6,4,0,0,0,0,1,1,39
2734148000,0,4000000.0,1.0,0.0,16.001991,0.0,0,0,0,0,0,2,0,0,0,1,43
2734856000,2734852000,4000000.0,1.0,0.020916333,16.367529,0.0,255,190,6,4,0,0,0,0,1,1,39
2735148000,0,4000000.0,1.0,0.0,16.296812,0.0,0,0,0,0,0,2,0,0,0,1,43
2735728000,2735724000,4000000.0,1.0,0.041832667,16.585655,0.0,255,190,6,4,0,0,0,0,1,1,39
2736148000,0,4000000.0,1.0,0.0,16.001991,0.0,0,0,0,0,0,2,0,0,0,1,43
2736612000,2736608000,4000000.0,1.0,0.020916333,16.275894,0.0,255,190,6,4,0,0,0,0,1,1,39
2737148000,0,4000000.0,1.0,0.0,16.105576,0.0,0,0,0,0,0,2,0,0,0,1,43
2737492000,2737488000,4000000.0,1.0,0.020916333,16.736053,0.0,255,190,6,4,0,0,0,0,1,1,39
2738148000,0,4000000.0,1.0,0.0,16.037848,0.0,0,0,0,0,0,2,0,0,0,1,43
2738368000,2738364000,4000000.0,1.0,0.020916333,16.260954,0.0,255,190,6,4,0,0,0,0,1,1,39
2739148000,0,4000000.0,1.0,0.0,16.105576,0.0,0,0,0,0,0,2,0,0,0,1,43
2739252000,2739248000,4000000.0,1.0,0.020916333,16.705177,0.0,255,190,6,4,0,0,0,0,1,1,39
2740124000,2740124000,4000000.0,1.0,0.020916333,16.351593,0.0,255,190,6,4,0,0,0,0,1,1,39
2740148000,0,4000000.0,1.0,0.0,16.318724,0.0,0,0,0,0,0,2,0,0,0,1,43
2741000000,2740996000,4000000.0,1.0,0.046812747,16.68725,0.0,255,190,6,4,0,0,0,0,1,1,39
2741148000,0,4000000.0,1.0,0.0,16.135456,0.0,0,0,0,0,0,2,0,0,0,1,43
2741876000,2741872000,4000000.0,1.0,0.046812747,16.68725,0.0,255,190,6,4,0,0,0,0,1,1,39
2742148000,0,4000000.0,1.0,0.0,16.067728,0.0,0,0,0,0,0,2,0,0,0,1,43
2742748000,2742744000,4000000.0,1.0,0.041832667,16.411354,0.0,255,190,6,4,0,0,0,0,1,1,39
2743148000,0,4000000.0,1.0,0.0,16.151394,0.0,0,0,0,0,0,2,0,0,0,1,43
2743624000,2743616000,4000000.0,1.0,0.020916333,16.585655,0.0,255,190,6,4,0,0,0,0,1,1,39
2744148000,0,4000000.0,1.0,0.0,16.102589,0.0,0,0,0,0,0,2,0,0,0,1,43
2744504000,2744500000,4000000.0,1.0,0.020916333,16.476093,0.0,255,190,6,4,0,0,0,0,1,1,39
2745148000,0,4000000.0,1.0,0.0,16.41235,0.0,0,0,0,0,0,2,0,0,0,1,43
2745424000,2745420000,4000000.0,1.0,0.020916333,16.746014,0.0,255,190,6,4,0,0,0,0,1,1,39
2746148000,0,4000000.0,1.0,0.0,16.042828,0.0,0,0,0,0,0,2,0,0,0,1,43
2746324000,2746320000,4000000.0,1.0,0.020916333,16.363544,0.0,255,190,6,4,0,0,0,0,1,1,39
2747148000,0,4000000.0,1.0,0.0,16.151394,0.0,0,0,0,0,0,2,0,0,0,1,43
2747252000,2747248000,4000000.0,1.0,0.020916333,16.749002,0.0,255,190,6,4,0,0,0,0,1,1,39
2748144000,2748140000,4000000.0,1.0,0.020916333,16.248007,0.0,255,190,6,4,0,0,0,0,1,1,39
2748148000,0,4000000.0,1.0,0.0,16.001991,0.0,0,0,0,0,0,2,0,0,0,1,43
2749020000,2749016000,4000000.0,1.0,0.020916333,16.705177,0.0,255,190,6,4,0,0,0,0,1,1,39
2749148000,0,4000000.0,1.0,0.0,16.17729,0.0,0,0,0,0,0,2,0,0,0,1,43
2749900000,2749896000,4000000.0,1.0,0.020916333,16.705177,0.0,255,190,6,4,0,0,0,0,1,1,39
2750148000,0,4000000.0,1.0,0.0,16.14741,0.0,0,0,0,0,0,2,0,0,0,1,43
2750780000,2750776000,4000000.0,1.0,0.041832667,16.248007,0.0,255,190,6,4,0,0,0,0,1,1,39
2751148000,0,4000000.0,1.0,0.0,16.115536,0.0,0,0,0,0,0,2,0,0,0,1,43
2751648000,2751644000,4000000.0,1.0,0.046812747,16.635456,0.0,255,190,6,4,0,0,0,0,1,1,39
2752148000,0,4000000.0,1.0,0.0,15.999999,0.0,0,0,0,0,0,2,0,0,0,1,43
2752564000,2752560000,4000000.0,1.0,0.020916333,16.411354,0.0,255,190,6,4,0,0,0,0,1,1,39
2753148000,0,4000000.0,1.0,0.0,16.105576,0.0,0,0,0,0,0,2,0,0,0,1,43
2753448000,2753444000,4000000.0,1.0,0.020916333,16.585655,0.0,255,190,6,4,0,0,0,0,1,1,39
2754148000,0,4000000.0,1.0,0.0,16.047808,0.0,0,0,0,0,0,2,0,0,0,1,43
2754380000,2754376000,4000000.0,1.0,0.020916333,16.367529,0.0,255,190,6,4,0,0,0,0,1,1,39
2755148000,0,4000000.0,1.0,0.0,16.479082,0.0,0,0,0,0,0,2,0,0,0,1,43
2755292000,2755288000,4000000.0,1.0,0.020916333,16.598604,0.0,255,190,6,4,0,0,0,0,1,1,39
2756148000,0,4000000.0,1.0,0.0,16.001991,0.0,0,0,0,0,0,2,0,0,0,1,43
2756204000,2756200000,4000000.0,1.0,0.020916333,16.275894,0.0,255,190,6,4,0,0,0,0,1,1,39
2757112000,2757108000,4000000.0,1.0,0.020916333,16.736053,0.0,255,190,6,4,0,0,0,0,1,1,39
2757148000,0,4000000.0,1.0,0.0,16.17729,0.0,0,0,0,0,0,2,0,0,0,1,43
2758048000,2758044000,4000000.0,1.0,0.020916333,16.260954,0.0,255,190,6,4,0,0,0,0,1,1,39
2758148000,0,4000000.0,1.0,0.0,16.011951,0.0,0,0,0,0,0,2,0,0,0,1,43
2758952000,2758948000,4000000.0,1.0,0.020916333,16.260954,0.0,255,190,6,4,0,0,0,0,1,1,39
2759148000,0,4000000.0,1.0,0.0,16.105576,0.0,0,0,0,0,0,2,0,0,0,1,43
2759820000,2759816000,4000000.0,1.0,0.041832667,16.705177,0.0,255,190,6,4,0,0,0,0,1,1,39
2760148000,0,4000000.0,1.0,0.0,16.14741,0.0,0,0,0,0,0,2,0,0,0,1,43
2760704000,2760704000,4000000.0,1.0,0.020916333,16.260954,0.0,255,190,6,4,0,0,0,0,1,1,39
2761148000,0,4000000.0,1.0,0.0,16.115536,0.0,0,0,0,0,0,2,0,0,0,1,43
2761604000,2761600000,4000000.0,1.0,0.046812747,16.635456,0.0,255,190,6,4,0,0,0,0,1,1,39
2762148000,0,4000000.0,1.0,0.0,16.037848,0.0,0,0,0,0,0,2,0,0,0,1,43
2762536000,2762532000,4000000.0,1.0,0.020916333,16.398405,0.0,255,190,6,4,0,0,0,0,1,1,39
2763148000,0,4000000.0,1.0,0.0,16.115536,0.0,0,0,0,0,0,2,0,0,0,1,43
2763404000,2763400000,4000000.0,1.0,0.020916333,16.598604,0.0,255,190,6,4,0,0,0,0,1,1,39
2764148000,0,4000000.0,1.0,0.0,16.001991,0.0,0,0,0,0,0,2,0,0,0,1,43
2764316000,2764312000,4000000.0,1.0,0.020916333,16.367529,0.0,255,190,6,4,0,0,0,0,1,1,39
2765148000,0,4000000.0,1.0,0.0,16.322708,0.0,0,0,0,0,0,2,0,0,0,1,43
2765232000,2765228000,4000000.0,1.0,0.020916333,16.598604,0.0,255,190,6,4,0,0,0,0,1,1,39
2766112000,2766108000,4000000.0,1.0,0.020916333,16.275894,0.0,255,190,6,4,0,0,0,0,1,1,39
2766148000,0,4000000.0,1.0,0.0,16.011951,0.0,0,0,0,0,0,2,0,0,0,1,43
2767020000,2767016000,4000000.0,1.0,0.041832667,16.736053,0.0,255,190,6,4,0,0,0,0,1,1,39
2767148000,0,4000000.0,1.0,0.0,16.20717,0.0,0,0,0,0,0,2,0,0,0,1,43
2767896000,2767892000,4000000.0,1.0,0.041832667,16.736053,0.0,255,190,6,4,0,0,0,0,1,1,39
2768148000,0,4000000.0,1.0,0.0,16.001991,0.0,0,0,0,0,0,2,0,0,0,1,43
2768768000,2768764000,4000000.0,1.0,0.020916333,16.248007,0.0,255,190,6,4,0,0,0,0,1,1,39
2769148000,0,4000000.0,1.0,0.0,16.105576,0.0,0,0,0,0,0,2,0,0,0,1,43
2769644000,2769640000,4000000.0,1.0,0.020916333,16.705177,0.0,255,190,6,4,0,0,0,0,1,1,39
2770148000,0,4000000.0,1.0,0.0,16.14741,0.0,0,0,0,0,0,2,0,0,0,1,43
2770516000,2770512000,4000000.0,1.0,0.020916333,16.260954,0.0,255,190,6,4,0,0,0,0,1,1,39
2771148000,0,4000000.0,1.0,0.0,16.151394,0.0,0,0,0,0,0,2,0,0,0,1,43
2771388000,2771384000,4000000.0,1.0,0.046812747,16.635456,0.0,255,190,6,4,0,0,0,0,1,1,39
2772148000,0,4000000.0,1.0,0.0,16.001991,0.0,0,0,0,0,0,2,0,0,0,1,43
2772272000,2772268000,4000000.0,1.0,0.020916333,16.398405,0.0,255,190,6,4,0,0,0,0,1,1,39
2773148000,0,4000000.0,1.0,0.0,16.105576,0.0,0,0,0,0,0,2,0,0,0,1,43
2773148000,2773144000,4000000.0,1.0,0.020916333,16.585655,0.0,255,190,6,4,0,0,0,0,1,1,39
2774020000,2774016000,4000000.0,1.0,0.020916333,16.585655,0.0,255,190,6,4,0,0,0,0,1,1,39
2774148000,0,4000000.0,1.0,0.0,16.073704,0.0,0,0,0,0,0,2,0,0,0,1,43
2774892000,2774892000,4000000.0,1.0,0.041832667,16.380476,0.0,255,190,6,4,0,0,0,0,1,1,39
2775148000,0,4000000.0,1.0,0.0,16.250994,0.0,0,0,0,0,0,2,0,0,0,1,43
2775788000,2775784000,4000000.0,1.0,0.020916333,16.585655,0.0,255,190,6,4,0,0,0,0,1,1,39
2776148000,0,4000000.0,1.0,0.0,16.001991,0.0,0,0,0,0,0,2,0,0,0,1,43
2776664000,2776660000,4000000.0,1.0,0.020916333,16.275894,0.0,255,190,6,4,0,0,0,0,1,1,39
2777148000,0,4000000.0,1.0,0.0,16.077688,0.0,0,0,0,0,0,2,0,0,0,1,43
2777600000,2777596000,4000000.0,1.0,0.020916333,16.736053,0.0,255,190,6,4,0,0,0,0,1,1,39
2778148000,0,4000000.0,1.0,0.0,16.037848,0.0,0,0,0,0,0,2,0,0,0,1,43
2778496000,2778492000,4000000.0,1.0,0.020916333,16.260954,0.0,255,190,6,4,0,0,0,0,1,1,39
2779148000,0,4000000.0,1.0,0.0,16.105576,0.0,0,0,0,0,0,2,0,0,0,1,43
2779424000,2779424000,4000000.0,1.0,0.020916333,17.248007,0.0,255,190,6,4,0,0,0,0,1,1,39
2780148000,0,4000000.0,1.0,0.0,16.762947,0.0,0,0,0,0,0,2,0,0,0,1,43
2780304000,2780300000,4000000.0,1.0,0.046812747,16.607569,0.0,255,190,6,4,0,0,0,0,1,1,39
2781148000,0,4000000.0,1.0,0.0,16.051792,0.0,0,0,0,0,0,2,0,0,0,1,43
2781196000,2781192000,4000000.0,1.0,0.020916333,16.31474,0.0,255,190,6,4,0,0,0,0,1,1,39
2782088000,2782084000,4000000.0,1.0,0.020916333,16.865536,0.0,255,190,6,4,0,0,0,0,1,1,39
2782148000,0,4000000.0,1.0,0.0,16.211153,0.0,0,0,0,0,0,2,0,0,0,1,43
2782968000,2782964000,4000000.0,1.0,0.020916333,16.865536,0.0,255,190,6,4,0,0,0,0,1,1,39
2783148000,0,4000000.0,1.0,0.0,16.011951,0.0,0,0,0,0,0,2,0,0,0,1,43
2783844000,2783840000,4000000.0,1.0,0.041832667,16.248007,0.0,255,190,6,4,0,0,0,0,1,1,39
2784148000,0,4000000.0,1.0,0.0,16.011951,0.0,0,0,0,0,0,2,0,0,0,1,43
2784732000,2784728000,4000000.0,1.0,0.020916333,16.731073,0.0,255,190,6,4,0,0,0,0,1,1,39
2785148000,0,4000000.0,1.0,0.0,16.171314,0.0,0,0,0,0,0,2,0,0,0,1,43
2785628000,2785624000,4000000.0,1.0,0.020916333,16.390436,0.0,255,190,6,4,0,0,0,0,1,1,39
2786148000,0,4000000.0,1.0,0.0,16.237051,0.0,0,0,0,0,0,2,0,0,0,1,43
2786512000,2786508000,4000000.0,1.0,0.020916333,16.613544,0.0,255,190,6,4,0,0,0,0,1,1,39
2787148000,0,4000000.0,1.0,0.0,16.105576,0.0,0,0,0,0,0,2,0,0,0,1,43
2787380000,2787380000,4000000.0,1.0,0.020916333,16.398405,0.0,255,190,6,4,0,0,0,0,1,1,39
2788148000,0,4000000.0,1.0,0.0,16.001991,0.0,0,0,0,0,0,2,0,0,0,1,43
2788316000,2788312000,4000000.0,1.0,0.020916333,16.598604,0.0,255,190,6,4,0,0,0,0,1,1,39
2789148000,0,4000000.0,1.0,0.0,16.151394,0.0,0,0,0,0,0,2,0,0,0,1,43
2789180000,2789176000,4000000.0,1.0,0.020916333,16.367529,0.0,255,190,6,4,0,0,0,0,1,1,39
2790064000,2790060000,4000000.0,1.0,0.020916333,16.367529,0.0,255,190,6,4,0,0,0,0,1,1,39
2790148000,0,4000000.0,1.0,0.0,16.001991,0.0,0,0,0,0,0,2,0,0,0,1,43
2790940000,2790936000,4000000.0,1.0,0.06772908,16.607569,0.0,255,190,6,4,0,0,0,0,1,1,39
2791148000,0,4000000.0,1.0,0.0,16.286852,0.0,0,0,0,0,0,2,0,0,0,1,43
2791820000,2791816000,4000000.0,1.0,0.020916333,16.275894,0.0,255,190,6,4,0,0,0,0,1,1,39
2792148000,0,4000000.0,1.0,0.0,16.047808,0.0,0,0,0,0,0,2,0,0,0,1,43
2792708000,2792704000,4000000.0,1.0,0.020916333,16.761951,0.0,255,190,6,4,0,0,0,0,1,1,39
2793148000,0,4000000.0,1.0,0.0,16.239042,0.0,0,0,0,0,0,2,0,0,0,1,43
2793620000,2793616000,4000000.0,1.0,0.020916333,16.390436,0.0,255,190,6,4,0,0,0,0,1,1,39
2794148000,0,4000000.0,1.0,0.0,16.08964,0.0,0,0,0,0,0,2,0,0,0,1,43
2794524000,2794524000,4000000.0,1.0,0.020916333,16.705177,0.0,255,190,6,4,0,0,0,0,1,1,39
2795148000,0,4000000.0,1.0,0.0,16.105576,0.0,0,0,0,0,0,2,0,0,0,1,43
2795440000,2795440000,4000000.0,1.0,0.020916333,16.238047,0.0,255,190,6,4,0,0,0,0,1,1,39
2796148000,0,4000000.0,1.0,0.0,16.15737,0.0,0,0,0,0,0,2,0,0,0,1,43
2796340000,2796336000,4000000.0,1.0,0.020916333,16.600595,0.0,255,190,6,4,0,0,0,0,1,1,39
2797148000,0,4000000.0,1.0,0.0,16.141434,0.0,0,0,0,0,0,2,0,0,0,1,43
2797244000,2797240000,4000000.0,1.0,0.020916333,16.519918,0.0,255,190,6,4,0,0,0,0,1,1,39
2798148000,0,4000000.0,1.0,0.0,16.112549,0.0,0,0,0,0,0,2,0,0,0,1,43
2798160000,2798160000,4000000.0,1.0,0.020916333,16.733067,0.0,255,190,6,4,0,0,0,0,1,1,39
2799060000,2799056000,4000000.0,1.0,0.020916333,16.733067,0.0,255,190,6,4,0,0,0,0,1,1,39
2799148000,0,4000000.0,1.0,0.0,16.338644,0.0,0,0,0,0,0,2,0,0,0,1,43
2799964000,2799960000,4000000.0,1.0,0.041832667,16.468126,0.0,255,190,6,4,0,0,0,0,1,1,39
2800148000,0,4000000.0,1.0,0.0,16.016932,0.0,0,0,0,0,0,2,0,0,0,1,43
2800844000,2800840000,4000000.0,1.0,0.046812747,16.607569,0.0,255,190,6,4,0,0,0,0,1,1,39
2801148000,0,4000000.0,1.0,0.0,16.250994,0.0,0,0,0,0,0,2,0,0,0,1,43
2801740000,2801736000,4000000.0,1.0,0.020916333,16.275894,0.0,255,190,6,4,0,0,0,0,1,1,39
2802148000,0,4000000.0,1.0,0.0,15.966134,0.0,0,0,0,0,0,2,0,0,0,1,43
2802636000,2802632000,4000000.0,1.0,0.020916333,16.736053,0.0,255,190,6,4,0,0,0,0,1,1,39
2803148000,0,4000000.0,1.0,0.0,16.151394,0.0,0,0,0,0,0,2,0,0,0,1,43
2803628000,2803624000,4000000.0,1.0,0.020916333,16.18227,0.0,255,190,6,4,0,0,0,0,1,1,39
2804148000,0,4000000.0,1.0,0.0,15.964142,0.0,0,0,0,0,0,2,0,0,0,1,43
2804560000,2804556000,4000000.0,1.0,0.020916333,16.66733,0.0,255,190,6,4,0,0,0,0,1,1,39
2805148000,0,4000000.0,1.0,0.0,16.151394,0.0,0,0,0,0,0,2,0,0,0,1,43
2805432000,2805428000,4000000.0,1.0,0.020916333,16.198206,0.0,255,190,6,4,0,0,0,0,1,1,39
2806148000,0,4000000.0,1.0,0.0,16.375496,0.0,0,0,0,0,0,2,0,0,0,1,43
2806312000,2806308000,4000000.0,1.0,0.020916333,16.563744,0.0,255,190,6,4,0,0,0,0,1,1,39
2807148000,0,4000000.0,1.0,0.0,16.105576,0.0,0,0,0,0,0,2,0,0,0,1,43
2807188000,2807184000,4000000.0,1.0,0.020916333,16.348604,0.0,255,190,6,4,0,0,0,0,1,1,39
2808096000,2808092000,4000000.0,1.0,0.020916333,16.348604,0.0,255,190,6,4,0,0,0,0,1,1,39
2808148000,0,4000000.0,1.0,0.0,16.083664,0.0,0,0,0,0,0,2,0,0,0,1,43
2808996000,2808992000,4000000.0,1.0,0.041832667,16.548803,0.0,255,190,6,4,0,0,0,0,1,1,39
2809148000,0,4000000.0,1.0,0.0,16.105576,0.0,0,0,0,0,0,2,0,0,0,1,43
2809916000,2809912000,4000000.0,1.0,0.020916333,16.316732,0.0,255,190,6,4,0,0,0,0,1,1,39
2810148000,0,4000000.0,1.0,0.0,16.037848,0.0,0,0,0,0,0,2,0,0,0,1,43
2810808000,2810808000,4000000.0,1.0,0.046812747,16.557768,0.0,255,190,6,4,0,0,0,0,1,1,39
2811148000,0,4000000.0,1.0,0.0,16.260954,0.0,0,0,0,0,0,2,0,0,0,1,43
2811712000,2811708000,4000000.0,1.0,0.020916333,16.239042,0.0,255,190,6,4,0,0,0,0,1,1,39
2812148000,0,4000000.0,1.0,0.0,16.001991,0.0,0,0,0,0,0,2,0,0,0,1,43
2812624000,2812620000,4000000.0,1.0,0.020916333,16.686253,0.0,255,190,6,4,0,0,0,0,1,1,39
2813148000,0,4000000.0,1.0,0.0,16.151394,0.0,0,0,0,0,0,2,0,0,0,1,43
2813532000,2813528000,4000000.0,1.0,0.020916333,16.198206,0.0,255,190,6,4,0,0,0,0,1,1,39
2814148000,0,4000000.0,1.0,0.0,16.001991,0.0,0,0,0,0,0,2,0,0,0,1,43
2814420000,2814416000,4000000.0,1.0,0.020916333,16.66733,0.0,255,190,6,4,0,0,0,0,1,1,39
2815148000,0,4000000.0,1.0,0.0,16.105576,0.0,0,0,0,0,0,2,0,0,0,1,43
2815336000,2815336000,4000000.0,1.0,0.020916333,16.198206,0.0,255,190,6,4,0,0,0,0,1,1,39
2816148000,0,4000000.0,1.0,0.0,16.193226,0.0,0,0,0,0,0,2,0,0,0,1,43
2816332000,2816328000,4000000.0,1.0,0.020916333,16.576693,0.0,255,190,6,4,0,0,0,0,1,1,39
2817148000,0,4000000.0,1.0,0.0,16.141434,0.0,0,0,0,0,0,2,0,0,0,1,43
2817264000,2817260000,4000000.0,1.0,0.020916333,16.348604,0.0,255,190,6,4,0,0,0,0,1,1,39
2818148000,0,4000000.0,1.0,0.0,16.115536,0.0,0,0,0,0,0,2,0,0,0,1,43
2818176000,2818172000,4000000.0,1.0,0.020916333,16.348604,0.0,255,190,6,4,0,0,0,0,1,1,39
2819080000,2819076000,4000000.0,1.0,0.041832667,16.548803,0.0,255,190,6,4,0,0,0,0,1,1,39
2819148000,0,4000000.0,1.0,0.0,16.103584,0.0,0,0,0,0,0,2,0,0,0,1,43
2819952000,2819948000,4000000.0,1.0,0.020916333,16.316732,0.0,255,190,6,4,0,0,0,0,1,1,39
2820148000,0,4000000.0,1.0,0.0,16.001991,0.0,0,0,0,0,0,2,0,0,0,1,43
2820828000,2820824000,4000000.0,1.0,0.046812747,16.557768,0.0,255,190,6,4,0,0,0,0,1,1,39
2821148000,0,4000000.0,1.0,0.0,16.250994,0.0,0,0,0,0,0,2,0,0,0,1,43
2821696000,2821692000,4000000.0,1.0,0.020916333,16.226093,0.0,255,190,6,4,0,0,0,0,1,1,39
2822148000,0,4000000.0,1.0,0.0,16.047808,0.0,0,0,0,0,0,2,0,0,0,1,43
2822576000,2822572000,4000000.0,1.0,0.020916333,16.699202,0.0,255,190,6,4,0,0,0,0,1,1,39
2823148000,0,4000000.0,1.0,0.0,16.105576,0.0,0,0,0,0,0,2,0,0,0,1,43
2823448000,2823444000,4000000.0,1.0,0.020916333,16.198206,0.0,255,190,6,4,0,0,0,0,1,1,39
2824148000,0,4000000.0,1.0,0.0,16.073704,0.0,0,0,0,0,0,2,0,0,0,1,43
2824324000,2824320000,4000000.0,1.0,0.020916333,16.66733,0.0,255,190,6,4,0,0,0,0,1,1,39
2825148000,0,4000000.0,1.0,0.0,16.105576,0.0,0,0,0,0,0,2,0,0,0,1,43
2825208000,2825208000,4000000.0,1.0,0.020916333,16.66733,0.0,255,190,6,4,0,0,0,0,1,1,39
2826092000,2826088000,4000000.0,1.0,0.041832667,16.198206,0.0,255,190,6,4,0,0,0,0,1,1,39
2826148000,0,4000000.0,1.0,0.0,16.15737,0.0,0,0,0,0,0,2,0,0,0,1,43
2826968000,2826964000,4000000.0,1.0,0.020916333,16.563744,0.0,255,190,6,4,0,0,0,0,1,1,39
2827148000,0,4000000.0,1.0,0.0,16.141434,0.0,0,0,0,0,0,2,0,0,0,1,43
2827840000,2827836000,4000000.0,1.0,0.020916333,16.348604,0.0,255,190,6,4,0,0,0,0,1,1,39
2828148000,0,4000000.0,1.0,0.0,16.001991,0.0,0,0,0,0,0,2,0,0,0,1,43
2828744000,2828740000,4000000.0,1.0,0.020916333,16.535854,0.0,255,190,6,4,0,0,0,0,1,1,39
2829148000,0,4000000.0,1.0,0.0,16.103584,0.0,0,0,0,0,0,2,0,0,0,1,43
2829620000,2829616000,4000000.0,1.0,0.020916333,16.32968,0.0,255,190,6,4,0,0,0,0,1,1,39
2830148000,0,4000000.0,1.0,0.0,16.011951,0.0,0,0,0,0,0,2,0,0,0,1,43
2830528000,2830524000,4000000.0,1.0,0.046812747,16.557768,0.0,255,190,6,4,0,0,0,0,1,1,39
2831148000,0,4000000.0,1.0,0.0,16.527887,0.0,0,0,0,0,0,2,0,0,0,1,43
2831428000,2831424000,4000000.0,1.0,0.020916333,16.239042,0.0,255,190,6,4,0,0,0,0,1,1,39
2832148000,0,4000000.0,1.0,0.0,16.011951,0.0,0,0,0,0,0,2,0,0,0,1,43
2832316000,2832312000,4000000.0,1.0,0.020916333,16.686253,0.0,255,190,6,4,0,0,0,0,1,1,39
2833148000,0,4000000.0,1.0,0.0,16.17729,0.0,0,0,0,0,0,2,0,0,0,1,43
2833184000,2833180000,4000000.0,1.0,0.020916333,16.686253,0.0,255,190,6,4,0,0,0,0,1,1,39
2834072000,2834068000,4000000.0,1.0,0.041832667,16.211153,0.0,255,190,6,4,0,0,0,0,1,1,39
2834148000,0,4000000.0,1.0,0.0,16.011951,0.0,0,0,0,0,0,2,0,0,0,1,43
2834956000,2834952000,4000000.0,1.0,0.020916333,16.65438,0.0,255,190,6,4,0,0,0,0,1,1,39
2835148000,0,4000000.0,1.0,0.0,16.105576,0.0,0,0,0,0,0,2,0,0,0,1,43
2835836000,2835832000,4000000.0,1.0,0.020916333,16.301792,0.0,255,190,6,4,0,0,0,0,1,1,39
2836148000,0,4000000.0,1.0,0.0,16.252987,0.0,0,0,0,0,0,2,0,0,0,1,43
2836828000,2836824000,4000000.0,1.0,0.020916333,16.628485,0.0,255,190,6,4,0,0,0,0,1,1,39
2837148000,0,4000000.0,1.0,0.0,16.165337,0.0,0,0,0,0,0,2,0,0,0,1,43
2837820000,2837816000,4000000.0,1.0,0.020916333,16.361553,0.0,255,190,6,4,0,0,0,0,1,1,39
2838148000,0,4000000.0,1.0,0.0,16.047808,0.0,0,0,0,0,0,2,0,0,0,1,43
2838812000,2838808000,4000000.0,1.0,0.020916333,16.601593,0.0,255,190,6,4,0,0,0,0,1,1,39
2839148000,0,4000000.0,1.0,0.0,16.165337,0.0,0,0,0,0,0,2,0,0,0,1,43
2839792000,2839788000,4000000.0,1.0,0.020916333,16.471113,0.0,255,190,6,4,0,0,0,0,1,1,39
2840148000,0,4000000.0,1.0,0.0,16.071712,0.0,0,0,0,0,0,2,0,0,0,1,43
2840768000,2840764000,4000000.0,1.0,0.046812747,16.607569,0.0,255,190,6,4,0,0,0,0,1,1,39
2841148000,0,4000000.0,1.0,0.0,16.322708,0.0,0,0,0,0,0,2,0,0,0,1,43
2841748000,2841744000,4000000.0,1.0,0.020916333,16.288843,0.0,255,190,6,4,0,0,0,0,1,1,39
2842148000,0,4000000.0,1.0,0.0,16.011951,0.0,0,0,0,0,0,2,0,0,0,1,43
2842728000,2842724000,4000000.0,1.0,0.020916333,16.766932,0.0,255,190,6,4,0,0,0,0,1,1,39
2843148000,0,4000000.0,1.0,0.0,16.254978,0.0,0,0,0,0,0,2,0,0,0,1,43
2843664000,2843660000,4000000.0,1.0,0.020916333,16.260954,0.0,255,190,6,4,0,0,0,0,1,1,39
2844148000,0,4000000.0,1.0,0.0,15.964142,0.0,0,0,0,0,0,2,0,0,0,1,43
2844536000,2844536000,4000000.0,1.0,0.020916333,16.705177,0.0,255,190,6,4,0,0,0,0,1,1,39
2845148000,0,4000000.0,1.0,0.0,16.105576,0.0,0,0,0,0,0,2,0,0,0,1,43
2845428000,2845424000,4000000.0,1.0,0.020916333,16.260954,0.0,255,190,6,4,0,0,0,0,1,1,39
2846148000,0,4000000.0,1.0,0.0,16.193226,0.0,0,0,0,0,0,2,0,0,0,1,43
2846312000,2846312000,4000000.0,1.0,0.020916333,16.260954,0.0,255,190,6,4,0,0,0,0,1,1,39
2847148000,0,4000000.0,1.0,0.0,16.105576,0.0,0,0,0,0,0,2,0,0,0,1,43
2847184000,2847180000,4000000.0,1.0,0.041832667,16.613544,0.0,255,190,6,4,0,0,0,0,1,1,39
2848076000,2848072000,4000000.0,1.0,0.020916333,16.476093,0.0,255,190,6,4,0,0,0,0,1,1,39
2848148000,0,4000000.0,1.0,0.0,16.097609,0.0,0,0,0,0,0,2,0,0,0,1,43
2849000000,2848996000,4000000.0,1.0,0.020916333,16.676292,0.0,255,190,6,4,0,0,0,0,1,1,39
2849148000,0,4000000.0,1.0,0.0,16.211153,0.0,0,0,0,0,0,2,0,0,0,1,43
2849980000,2849980000,4000000.0,1.0,0.020916333,16.367529,0.0,255,190,6,4,0,0,0,0,1,1,39
2850148000,0,4000000.0,1.0,0.0,16.001991,0.0,0,0,0,0,0,2,0,0,0,1,43
2850964000,2850960000,4000000.0,1.0,0.046812747,16.620516,0.0,255,190,6,4,0,0,0,0,1,1,39
2851148000,0,4000000.0,1.0,0.0,16.296812,0.0,0,0,0,0,0,2,0,0,0,1,43
2851944000,2851940000,4000000.0,1.0,0.020916333,16.288843,0.0,255,190,6,4,0,0,0,0,1,1,39
2852148000,0,4000000.0,1.0,0.0,16.062748,0.0,0,0,0,0,0,2,0,0,0,1,43
2852936000,2852932000,4000000.0,1.0,0.020916333,16.992031,0.0,255,190,6,4,0,0,0,0,1,1,39
2853148000,0,4000000.0,1.0,0.0,16.311752,0.0,0,0,0,0,0,2,0,0,0,1,43
2853924000,2853920000,4000000.0,1.0,0.020916333,16.348604,0.0,255,190,6,4,0,0,0,0,1,1,39
2854148000,0,4000000.0,1.0,0.0,16.093624,0.0,0,0,0,0,0,2,0,0,0,1,43
2854908000,2854904000,4000000.0,1.0,0.020916333,16.718126,0.0,255,190,6,4,0,0,0,0,1,1,39
2855148000,0,4000000.0,1.0,0.0,16.067728,0.0,0,0,0,0,0,2,0,0,0,1,43
2855908000,2855904000,4000000.0,1.0,0.020916333,16.260954,0.0,255,190,6,4,0,0,0,0,1,1,39
2856148000,0,4000000.0,1.0,0.0,16.421314,0.0,0,0,0,0,0,2,0,0,0,1,43
2856888000,2856884000,4000000.0,1.0,0.020916333,16.626493,0.0,255,190,6,4,0,0,0,0,1,1,39
2857148000,0,4000000.0,1.0,0.0,16.115536,0.0,0,0,0,0,0,2,0,0,0,1,43
2857872000,2857868000,4000000.0,1.0,0.020916333,16.398405,0.0,255,190,6,4,0,0,0,0,1,1,39
2858148000,0,4000000.0,1.0,0.0,16.073704,0.0,0,0,0,0,0,2,0,0,0,1,43
2858868000,2858864000,4000000.0,1.0,0.020916333,16.598604,0.0,255,190,6,4,0,0,0,0,1,1,39
2859148000,0,4000000.0,1.0,0.0,16.115536,0.0,0,0,0,0,0,2,0,0,0,1,43
2859848000,2859844000,4000000.0,1.0,0.020916333,16.367529,0.0,255,190,6,4,0,0,0,0,1,1,39
2860148000,0,4000000.0,1.0,0.0,16.001991,0.0,0,0,0,0,0,2,0,0,0,1,43
2860832000,2860828000,4000000.0,1.0,0.046812747,16.620516,0.0,255,190,6,4,0,0,0,0,1,1,39
2861148000,0,4000000.0,1.0,0.0,16.296812,0.0,0,0,0,0,0,2,0,0,0,1,43
2861816000,2861812000,4000000.0,1.0,0.020916333,16.288843,0.0,255,190,6,4,0,0,0,0,1,1,39
2862148000,0,4000000.0,1.0,0.0,16.011951,0.0,0,0,0,0,0,2,0,0,0,1,43
2862812000,2862808000,4000000.0,1.0,0.020916333,16.990038,0.0,255,190,6,4,0,0,0,0,1,1,39
2863148000,0,4000000.0,1.0,0.0,16.151394,0.0,0,0,0,0,0,2,0,0,0,1,43
2863792000,2863788000,4000000.0,1.0,0.020916333,16.38446,0.0,255,190,6,4,0,0,0,0,1,1,39
2864148000,0,4000000.0,1.0,0.0,16.001991,0.0,0,0,0,0,0,2,0,0,0,1,43
2864780000,2864776000,4000000.0,1.0,0.020916333,16.581673,0.0,255,190,6,4,0,0,0,0,1,1,39
2865148000,0,4000000.0,1.0,0.0,16.105576,0.0,0,0,0,0,0,2,0,0,0,1,43
2865768000,2865764000,4000000.0,1.0,0.020916333,16.38446,0.0,255,190,6,4,0,0,0,0,1,1,39
2866148000,0,4000000.0,1.0,0.0,16.229082,0.0,0,0,0,0,0,2,0,0,0,1,43
2866764000,2866760000,4000000.0,1.0,0.020916333,16.490038,0.0,255,190,6,4,0,0,0,0,1,1,39
2867148000,0,4000000.0,1.0,0.0,16.105576,0.0,0,0,0,0,0,2,0,0,0,1,43
2867744000,2867740000,4000000.0,1.0,0.020916333,16.534859,0.0,255,190,6,4,0,0,0,0,1,1,39
2868148000,0,4000000.0,1.0,0.0,16.115536,0.0,0,0,0,0,0,2,0,0,0,1,43
2868732000,2868728000,4000000.0,1.0,0.020916333,16.46215,0.0,255,190,6,4,0,0,0,0,1,1,39
2869148000,0,4000000.0,1.0,0.0,16.115536,0.0,0,0,0,0,0,2,0,0,0,1,43
2869728000,2869724000,4000000.0,1.0,0.020916333,16.516932,0.0,255,190,6,4,0,0,0,0,1,1,39
2870148000,0,4000000.0,1.0,0.0,15.999999,0.0,0,0,0,0,0,2,0,0,0,1,43
2870720000,2870716000,4000000.0,1.0,0.046812747,16.471113,0.0,255,190,6,4,0,0,0,0,1,1,39
2871148000,0,4000000.0,1.0,0.0,16.260954,0.0,0,0,0,0,0,2,0,0,0,1,43
2871704000,2871700000,4000000.0,1.0,0.020916333,16.425297,0.0,255,190,6,4,0,0,0,0,1,1,39
2872148000,0,4000000.0,1.0,0.0,16.047808,0.0,0,0,0,0,0,2,0,0,0,1,43
2872692000,2872688000,4000000.0,1.0,0.020916333,16.5996,0.0,255,190,6,4,0,0,0,0,1,1,39
2873148000,0,4000000.0,1.0,0.0,16.105576,0.0,0,0,0,0,0,2,0,0,0,1,43
2873684000,2873680000,4000000.0,1.0,0.020916333,16.39741,0.0,255,190,6,4,0,0,0,0,1,1,39
2874148000,0,4000000.0,1.0,0.0,16.047808,0.0,0,0,0,0,0,2,0,0,0,1,43
2874672000,2874668000,4000000.0,1.0,0.020916333,16.581673,0.0,255,190,6,4,0,0,0,0,1,1,39
2875148000,0,4000000.0,1.0,0.0,16.115536,0.0,0,0,0,0,0,2,0,0,0,1,43
2875660000,2875656000,4000000.0,1.0,0.020916333,16.38446,0.0,255,190,6,4,0,0,0,0,1,1,39
2876148000,0,4000000.0,1.0,0.0,16.183266,0.0,0,0,0,0,0,2,0,0,0,1,43
2876644000,2876640000,4000000.0,1.0,0.020916333,16.490038,0.0,255,190,6,4,0,0,0,0,1,1,39
2877148000,0,4000000.0,1.0,0.0,16.115536,0.0,0,0,0,0,0,2,0,0,0,1,43
2877644000,2876640000,4000000.0,1.0,0.020916333,16.441233,0.0,255,190,6,4,0,0,0,0,1,1,39
2878148000,0,4000000.0,1.0,0.0,16.001991,0.0,0,0,0,0,0,2,0,0,0,1,43
2878624000,2878620000,4000000.0,1.0,0.020916333,16.555775,0.0,255,190,6,4,0,0,0,0,1,1,39
2879148000,0,4000000.0,1.0,0.0,16.151394,0.0,0,0,0,0,0,2,0,0,0,1,43
2879620000,2879616000,4000000.0,1.0,0.020916333,16.516932,0.0,255,190,6,4,0,0,0,0,1,1,39
2880148000,0,4000000.0,1.0,0.0,15.974102,0.0,0,0,0,0,0,2,0,0,0,1,43
2880608000,2880604000,4000000.0,1.0,0.046812747,16.484062,0.0,255,190,6,4,0,0,0,0,1,1,39
2881148000,0,4000000.0,1.0,0.0,16.563744,0.0,0,0,0,0,0,2,0,0,0,1,43
2881592000,2881588000,4000000.0,1.0,0.020916333,16.41235,0.0,255,190,6,4,0,0,0,0,1,1,39
2882148000,0,4000000.0,1.0,0.0,16.011951,0.0,0,0,0,0,0,2,0,0,0,1,43
2882584000,2882580000,4000000.0,1.0,0.020916333,16.612549,0.0,255,190,6,4,0,0,0,0,1,1,39
2883148000,0,4000000.0,1.0,0.0,16.151394,0.0,0,0,0,0,0,2,0,0,0,1,43
2883564000,2883560000,4000000.0,1.0,0.020916333,16.39741,0.0,255,190,6,4,0,0,0,0,1,1,39
2884148000,0,4000000.0,1.0,0.0,16.037848,0.0,0,0,0,0,0,2,0,0,0,1,43
2884548000,2884544000,4000000.0,1.0,0.020916333,16.568724,0.0,255,190,6,4,0,0,0,0,1,1,39
2885148000,0,4000000.0,1.0,0.0,16.115536,0.0,0,0,0,0,0,2,0,0,0,1,43
2885540000,2885536000,4000000.0,1.0,0.020916333,16.39741,0.0,255,190,6,4,0,0,0,0,1,1,39
2886148000,0,4000000.0,1.0,0.0,16.193226,0.0,0,0,0,0,0,2,0,0,0,1,43
2886528000,2886524000,4000000.0,1.0,0.020916333,16.490038,0.0,255,190,6,4,0,0,0,0,1,1,39
2887148000,0,4000000.0,1.0,0.0,16.105576,0.0,0,0,0,0,0,2,0,0,0,1,43
2887516000,2887512000,4000000.0,1.0,0.020916333,16.534859,0.0,255,190,6,4,0,0,0,0,1,1,39
2888148000,0,4000000.0,1.0,0.0,16.011951,0.0,0,0,0,0,0,2,0,0,0,1,43
2888516000,2888512000,4000000.0,1.0,0.020916333,16.46215,0.0,255,190,6,4,0,0,0,0,1,1,39
2889148000,0,4000000.0,1.0,0.0,16.151394,0.0,0,0,0,0,0,2,0,0,0,1,43
2889496000,2889492000,4000000.0,1.0,0.020916333,16.46215,0.0,255,190,6,4,0,0,0,0,1,1,39
2890148000,0,4000000.0,1.0,0.0,16.071712,0.0,0,0,0,0,0,2,0,0,0,1,43
2890484000,2890480000,4000000.0,1.0,0.041832667,16.607569,0.0,255,190,6,4,0,0,0,0,1,1,39
2891148000,0,4000000.0,1.0,0.0,16.38247,0.0,0,0,0,0,0,2,0,0,0,1,43
2891476000,2891472000,4000000.0,1.0,0.046812747,16.535854,0.0,255,190,6,4,0,0,0,0,1,1,39
2892148000,0,4000000.0,1.0,0.0,16.001991,0.0,0,0,0,0,0,2,0,0,0,1,43
2892468000,2892464000,4000000.0,1.0,0.020916333,16.425297,0.0,255,190,6,4,0,0,0,0,1,1,39
2893148000,0,4000000.0,1.0,0.0,16.268923,0.0,0,0,0,0,0,2,0,0,0,1,43
2893452000,2893452000,4000000.0,1.0,0.020916333,16.67729,0.0,255,190,6,4,0,0,0,0,1,1,39
2894148000,0,4000000.0,1.0,0.0,16.117529,0.0,0,0,0,0,0,2,0,0,0,1,43
2894444000,2894440000,4000000.0,1.0,0.020916333,16.475098,0.0,255,190,6,4,0,0,0,0,1,1,39
2895148000,0,4000000.0,1.0,0.0,16.077688,0.0,0,0,0,0,0,2,0,0,0,1,43
2895432000,2895428000,4000000.0,1.0,0.020916333,16.581673,0.0,255,190,6,4,0,0,0,0,1,1,39
2896148000,0,4000000.0,1.0,0.0,16.183266,0.0,0,0,0,0,0,2,0,0,0,1,43
2896424000,2896420000,4000000.0,1.0,0.020916333,16.39741,0.0,255,190,6,4,0,0,0,0,1,1,39
2897148000,0,4000000.0,1.0,0.0,16.115536,0.0,0,0,0,0,0,2,0,0,0,1,43
2897412000,2897408000,4000000.0,1.0,0.020916333,16.47709,0.0,255,190,6,4,0,0,0,0,1,1,39
2898148000,0,4000000.0,1.0,0.0,16.011951,0.0,0,0,0,0,0,2,0,0,0,1,43
2898400000,2898396000,4000000.0,1.0,0.020916333,16.547808,0.0,255,190,6,4,0,0,0,0,1,1,39
2899148000,0,4000000.0,1.0,0.0,16.17729,0.0,0,0,0,0,0,2,0,0,0,1,43
2899384000,2899384000,4000000.0,1.0,0.020916333,16.46215,0.0,255,190,6,4,0,0,0,0,1,1,39
2900148000,0,4000000.0,1.0,0.0,16.011951,0.0,0,0,0,0,0,2,0,0,0,1,43
2900384000,2900380000,4000000.0,1.0,0.020916333,16.503983,0.0,255,190,6,4,0,0,0,0,1,1,39
2901148000,0,4000000.0,1.0,0.0,16.286852,0.0,0,0,0,0,0,2,0,0,0,1,43
2901368000,2901364000,4000000.0,1.0,0.046812747,16.484062,0.0,255,190,6,4,0,0,0,0,1,1,39
2902148000,0,4000000.0,1.0,0.0,16.011951,0.0,0,0,0,0,0,2,0,0,0,1,43
2902364000,2902360000,4000000.0,1.0,0.020916333,16.41235,0.0,255,190,6,4,0,0,0,0,1,1,39
2903148000,0,4000000.0,1.0,0.0,16.115536,0.0,0,0,0,0,0,2,0,0,0,1,43
2903348000,2903344000,4000000.0,1.0,0.020916333,16.612549,0.0,255,190,6,4,0,0,0,0,1,1,39
2904148000,0,4000000.0,1.0,0.0,16.037848,0.0,0,0,0,0,0,2,0,0,0,1,43
2904340000,2904336000,4000000.0,1.0,0.020916333,16.39741,0.0,255,190,6,4,0,0,0,0,1,1,39
2905148000,0,4000000.0,1.0,0.0,16.115536,0.0,0,0,0,0,0,2,0,0,0,1,43
2905328000,2905324000,4000000.0,1.0,0.020916333,16.5996,0.0,255,190,6,4,0,0,0,0,1,1,39
2906148000,0,4000000.0,1.0,0.0,16.464142,0.0,0,0,0,0,0,2,0,0,0,1,43
2906316000,2906312000,4000000.0,1.0,0.020916333,16.449202,0.0,255,190,6,4,0,0,0,0,1,1,39
2907148000,0,4000000.0,1.0,0.0,16.185257,0.0,0,0,0,0,0,2,0,0,0,1,43
2907304000,2907300000,4000000.0,1.0,0.020916333,16.593624,0.0,255,190,6,4,0,0,0,0,1,1,39
2908148000,0,4000000.0,1.0,0.0,16.047808,0.0,0,0,0,0,0,2,0,0,0,1,43
2908296000,2908292000,4000000.0,1.0,0.020916333,16.501991,0.0,255,190,6,4,0,0,0,0,1,1,39
2909148000,0,4000000.0,1.0,0.0,16.151394,0.0,0,0,0,0,0,2,0,0,0,1,43
2909280000,2909276000,4000000.0,1.0,0.020916333,16.46215,0.0,255,190,6,4,0,0,0,0,1,1,39
2910148000,0,4000000.0,1.0,0.0,16.190237,0.0,0,0,0,0,0,2,0,0,0,1,43
2910264000,2910260000,4000000.0,1.0,0.020916333,16.734062,0.0,255,190,6,4,0,0,0,0,1,1,39
2911148000,0,4000000.0,1.0,0.0,16.421314,0.0,0,0,0,0,0,2,0,0,0,1,43
2911252000,2911248000,4000000.0,1.0,0.046812747,16.566732,0.0,255,190,6,4,0,0,0,0,1,1,39
2912148000,0,4000000.0,1.0,0.0,16.011951,0.0,0,0,0,0,0,2,0,0,0,1,43
2912240000,2912236000,4000000.0,1.0,0.020916333,16.469122,0.0,255,190,6,4,0,0,0,0,1,1,39
2913148000,0,4000000.0,1.0,0.0,16.105576,0.0,0,0,0,0,0,2,0,0,0,1,43
2913236000,2913232000,4000000.0,1.0,0.020916333,16.5996,0.0,255,190,6,4,0,0,0,0,1,1,39
2914148000,0,4000000.0,1.0,0.0,16.011951,0.0,0,0,0,0,0,2,0,0,0,1,43
2914220000,2914216000,4000000.0,1.0,0.020916333,16.38446,0.0,255,190,6,4,0,0,0,0,1,1,39
2915148000,0,4000000.0,1.0,0.0,16.151394,0.0,0,0,0,0,0,2,0,0,0,1,43
2915204000,2915200000,4000000.0,1.0,0.020916333,16.581673,0.0,255,190,6,4,0,0,0,0,1,1,39
2916148000,0,4000000.0,1.0,0.0,16.183266,0.0,0,0,0,0,0,2,0,0,0,1,43
2916196000,2916192000,4000000.0,1.0,0.020916333,16.39741,0.0,255,190,6,4,0,0,0,0,1,1,39
2917148000,0,4000000.0,1.0,0.0,16.115536,0.0,0,0,0,0,0,2,0,0,0,1,43
2917184000,2917180000,4000000.0,1.0,0.020916333,16.419321,0.0,255,190,6,4,0,0,0,0,1,1,39
2918148000,0,4000000.0,1.0,0.0,16.151394,0.0,0,0,0,0,0,2,0,0,0,1,43
2918172000,2918168000,4000000.0,1.0,0.020916333,16.433266,0.0,255,190,6,4,0,0,0,0,1,1,39
2919148000,0,4000000.0,1.0,0.0,16.105576,0.0,0,0,0,0,0,2,0,0,0,1,43
2919160000,2919156000,4000000.0,1.0,0.020916333,16.388445,0.0,255,190,6,4,0,0,0,0,1,1,39
2920148000,0,4000000.0,1.0,0.0,16.047808,0.0,0,0,0,0,0,2,0,0,0,1,43
2920148000,2920144000,4000000.0,1.0,0.020916333,16.450197,0.0,255,190,6,4,0,0,0,0,1,1,39
2921144000,2921140000,4000000.0,1.0,0.046812747,16.421314,0.0,255,190,6,4,0,0,0,0,1,1,39
2921148000,0,4000000.0,1.0,0.0,16.213146,0.0,0,0,0,0,0,2,0,0,0,1,43
2922128000,2922124000,4000000.0,1.0,0.020916333,16.375496,0.0,255,190,6,4,0,0,0,0,1,1,39
2922148000,0,4000000.0,1.0,0.0,16.011951,0.0,0,0,0,0,0,2,0,0,0,1,43
2923116000,2923112000,4000000.0,1.0,0.020916333,16.562748,0.0,255,190,6,4,0,0,0,0,1,1,39
2923148000,0,4000000.0,1.0,0.0,16.151394,0.0,0,0,0,0,0,2,0,0,0,1,43
2924104000,2924100000,4000000.0,1.0,0.020916333,16.33466,0.0,255,190,6,4,0,0,0,0,1,1,39
2924148000,0,4000000.0,1.0,0.0,16.037848,0.0,0,0,0,0,0,2,0,0,0,1,43
2925092000,2925088000,4000000.0,1.0,0.020916333,16.530874,0.0,255,190,6,4,0,0,0,0,1,1,39
2925148000,0,4000000.0,1.0,0.0,16.151394,0.0,0,0,0,0,0,2,0,0,0,1,43
2926080000,2926076000,4000000.0,1.0,0.020916333,16.347609,0.0,255,190,6,4,0,0,0,0,1,1,39
2926148000,0,4000000.0,1.0,0.0,16.15737,0.0,0,0,0,0,0,2,0,0,0,1,43
2927068000,2927064000,4000000.0,1.0,0.020916333,16.42729,0.0,255,190,6,4,0,0,0,0,1,1,39
2927148000,0,4000000.0,1.0,0.0,16.105576,0.0,0,0,0,0,0,2,0,0,0,1,43
2928056000,2928052000,4000000.0,1.0,0.020916333,16.484062,0.0,255,190,6,4,0,0,0,0,1,1,39
2928148000,0,4000000.0,1.0,0.0,16.047808,0.0,0,0,0,0,0,2,0,0,0,1,43
2929056000,2928052000,4000000.0,1.0,0.020916333,16.454182,0.0,255,190,6,4,0,0,0,0,1,1,39
2929112000,2929108000,4000000.0,1.0,0.020916333,16.454182,0.0,255,190,6,4,0,0,0,0,1,1,39
2929148000,0,4000000.0,1.0,0.0,16.115536,0.0,0,0,0,0,0,2,0,0,0,1,43
2930036000,2930032000,4000000.0,1.0,0.020916333,16.503983,0.0,255,190,6,4,0,0,0,0,1,1,39
2930148000,0,4000000.0,1.0,0.0,16.037848,0.0,0,0,0,0,0,2,0,0,0,1,43
2931024000,2931020000,4000000.0,1.0,0.046812747,16.484062,0.0,255,190,6,4,0,0,0,0,1,1,39
2931148000,0,4000000.0,1.0,0.0,16.499998,0.0,0,0,0,0,0,2,0,0,0,1,43
2932008000,2932004000,4000000.0,1.0,0.020916333,16.425297,0.0,255,190,6,4,0,0,0,0,1,1,39
2932148000,0,4000000.0,1.0,0.0,16.047808,0.0,0,0,0,0,0,2,0,0,0,1,43
2932996000,2932992000,4000000.0,1.0,0.020916333,16.5996,0.0,255,190,6,4,0,0,0,0,1,1,39
2933148000,0,4000000.0,1.0,0.0,16.141434,0.0,0,0,0,0,0,2,0,0,0,1,43
2933984000,2933980000,4000000.0,1.0,0.020916333,16.39741,0.0,255,190,6,4,0,0,0,0,1,1,39
2934148000,0,4000000.0,1.0,0.0,16.011951,0.0,0,0,0,0,0,2,0,0,0,1,43
2934972000,2934968000,4000000.0,1.0,0.020916333,16.568724,0.0,255,190,6,4,0,0,0,0,1,1,39
2935148000,0,4000000.0,1.0,0.0,16.189241,0.0,0,0,0,0,0,2,0,0,0,1,43
2935956000,2935952000,4000000.0,1.0,0.020916333,16.39741,0.0,255,190,6,4,0,0,0,0,1,1,39
2936148000,0,4000000.0,1.0,0.0,16.10956,0.0,0,0,0,0,0,2,0,0,0,1,43
2936952000,2936948000,4000000.0,1.0,0.020916333,16.490038,0.0,255,190,6,4,0,0,0,0,1,1,39
2937148000,0,4000000.0,1.0,0.0,16.115536,0.0,0,0,0,0,0,2,0,0,0,1,43
2937940000,2937936000,4000000.0,1.0,0.020916333,16.547808,0.0,255,190,6,4,0,0,0,0,1,1,39
2938148000,0,4000000.0,1.0,0.0,16.047808,0.0,0,0,0,0,0,2,0,0,0,1,43
2938924000,2938920000,4000000.0,1.0,0.020916333,16.449202,0.0,255,190,6,4,0,0,0,0,1,1,39
2939148000,0,4000000.0,1.0,0.0,16.105576,0.0,0,0,0,0,0,2,0,0,0,1,43
2939912000,2939908000,4000000.0,1.0,0.020916333,16.620516,0.0,255,190,6,4,0,0,0,0,1,1,39
2940148000,0,4000000.0,1.0,0.0,16.13745,0.0,0,0,0,0,0,2,0,0,0,1,43
2940900000,2940900000,4000000.0,1.0,0.046812747,16.535854,0.0,255,190,6,4,0,0,0,0,1,1,39
2941148000,0,4000000.0,1.0,0.0,16.326693,0.0,0,0,0,0,0,2,0,0,0,1,43
2941888000,2941884000,4000000.0,1.0,0.020916333,16.451193,0.0,255,190,6,4,0,0,0,0,1,1,39
2942148000,0,4000000.0,1.0,0.0,16.031872,0.0,0,0,0,0,0,2,0,0,0,1,43
2942876000,2942872000,4000000.0,1.0,0.020916333,16.72211,0.0,255,190,6,4,0,0,0,0,1,1,39
2943148000,0,4000000.0,1.0,0.0,16.34462,0.0,0,0,0,0,0,2,0,0,0,1,43
2943860000,2943856000,4000000.0,1.0,0.020916333,16.38446,0.0,255,190,6,4,0,0,0,0,1,1,39
2944148000,0,4000000.0,1.0,0.0,16.001991,0.0,0,0,0,0,0,2,0,0,0,1,43
2944852000,2944852000,4000000.0,1.0,0.020916333,16.581673,0.0,255,190,6,4,0,0,0,0,1,1,39
2945148000,0,4000000.0,1.0,0.0,16.151394,0.0,0,0,0,0,0,2,0,0,0,1,43
2945848000,2945844000,4000000.0,1.0,0.020916333,16.638445,0.0,255,190,6,4,0,0,0,0,1,1,39
2946148000,0,4000000.0,1.0,0.0,16.11952,0.0,0,0,0,0,0,2,0,0,0,1,43
2946824000,2946820000,4000000.0,1.0,0.020916333,16.613544,0.0,255,190,6,4,0,0,0,0,1,1,39
2947148000,0,4000000.0,1.0,0.0,16.105576,0.0,0,0,0,0,0,2,0,0,0,1,43
2947812000,2947808000,4000000.0,1.0,0.020916333,16.411354,0.0,255,190,6,4,0,0,0,0,1,1,39
2948148000,0,4000000.0,1.0,0.0,16.047808,0.0,0,0,0,0,0,2,0,0,0,1,43
2948796000,2948792000,4000000.0,1.0,0.020916333,16.598604,0.0,255,190,6,4,0,0,0,0,1,1,39
2949148000,0,4000000.0,1.0,0.0,16.151394,0.0,0,0,0,0,0,2,0,0,0,1,43
2949788000,2949784000,4000000.0,1.0,0.020916333,16.367529,0.0,255,190,6,4,0,0,0,0,1,1,39
2950148000,0,4000000.0,1.0,0.0,16.047808,0.0,0,0,0,0,0,2,0,0,0,1,43
2950776000,2950772000,4000000.0,1.0,0.046812747,16.65936,0.0,255,190,6,4,0,0,0,0,1,1,39
2951148000,0,4000000.0,1.0,0.0,16.290834,0.0,0,0,0,0,0,2,0,0,0,1,43
2951760000,2951756000,4000000.0,1.0,0.020916333,16.39243,0.0,255,190,6,4,0,0,0,0,1,1,39
2952148000,0,4000000.0,1.0,0.0,16.091633,0.0,0,0,0,0,0,2,0,0,0,1,43
2952744000,2952740000,4000000.0,1.0,0.020916333,16.39243,0.0,255,190,6,4,0,0,0,0,1,1,39
2953148000,0,4000000.0,1.0,0.0,16.141434,0.0,0,0,0,0,0,2,0,0,0,1,43
2953736000,2953732000,4000000.0,1.0,0.041832667,16.749002,0.0,255,190,6,4,0,0,0,0,1,1,39
2954148000,0,4000000.0,1.0,0.0,16.011951,0.0,0,0,0,0,0,2,0,0,0,1,43
2954720000,2954716000,4000000.0,1.0,0.020916333,16.260954,0.0,255,190,6,4,0,0,0,0,1,1,39
2955148000,0,4000000.0,1.0,0.0,16.115536,0.0,0,0,0,0,0,2,0,0,0,1,43
2955704000,2955700000,4000000.0,1.0,0.020916333,16.718126,0.0,255,190,6,4,0,0,0,0,1,1,39
2956148000,0,4000000.0,1.0,0.0,16.478086,0.0,0,0,0,0,0,2,0,0,0,1,43
2956688000,2956688000,4000000.0,1.0,0.020916333,16.45219,0.0,255,190,6,4,0,0,0,0,1,1,39
2957148000,0,4000000.0,1.0,0.0,16.318724,0.0,0,0,0,0,0,2,0,0,0,1,43
2957680000,2957676000,4000000.0,1.0,0.020916333,16.778883,0.0,255,190,6,4,0,0,0,0,1,1,39
2958148000,0,4000000.0,1.0,0.0,16.052788,0.0,0,0,0,0,0,2,0,0,0,1,43
2958664000,2958660000,4000000.0,1.0,0.020916333,16.411354,0.0,255,190,6,4,0,0,0,0,1,1,39
2959148000,0,4000000.0,1.0,0.0,16.179281,0.0,0,0,0,0,0,2,0,0,0,1,43
2959652000,2959648000,4000000.0,1.0,0.020916333,16.585655,0.0,255,190,6,4,0,0,0,0,1,1,39
2960148000,0,4000000.0,1.0,0.0,16.011951,0.0,0,0,0,0,0,2,0,0,0,1,43
2960640000,2960636000,4000000.0,1.0,0.020916333,16.380476,0.0,255,190,6,4,0,0,0,0,1,1,39
2961148000,0,4000000.0,1.0,0.0,16.223106,0.0,0,0,0,0,0,2,0,0,0,1,43
2961632000,2961628000,4000000.0,1.0,0.046812747,16.607569,0.0,255,190,6,4,0,0,0,0,1,1,39
2962148000,0,4000000.0,1.0,0.0,16.037848,0.0,0,0,0,0,0,2,0,0,0,1,43
2962612000,2962608000,4000000.0,1.0,0.020916333,16.288843,0.0,255,190,6,4,0,0,0,0,1,1,39
2963148000,0,4000000.0,1.0,0.0,16.115536,0.0,0,0,0,0,0,2,0,0,0,1,43
2963600000,2963596000,4000000.0,1.0,0.020916333,16.749002,0.0,255,190,6,4,0,0,0,0,1,1,39
2964148000,0,4000000.0,1.0,0.0,16.047808,0.0,0,0,0,0,0,2,0,0,0,1,43
2964588000,2964584000,4000000.0,1.0,0.020916333,16.248007,0.0,255,190,6,4,0,0,0,0,1,1,39
2965148000,0,4000000.0,1.0,0.0,16.105576,0.0,0,0,0,0,0,2,0,0,0,1,43
2965576000,2965572000,4000000.0,1.0,0.020916333,16.718126,0.0,255,190,6,4,0,0,0,0,1,1,39
2966148000,0,4000000.0,1.0,0.0,16.193226,0.0,0,0,0,0,0,2,0,0,0,1,43
2966564000,2966564000,4000000.0,1.0,0.020916333,16.260954,0.0,255,190,6,4,0,0,0,0,1,1,39
2967148000,0,4000000.0,1.0,0.0,16.115536,0.0,0,0,0,0,0,2,0,0,0,1,43
2967548000,2967544000,4000000.0,1.0,0.020916333,16.613544,0.0,255,190,6,4,0,0,0,0,1,1,39
2968148000,0,4000000.0,1.0,0.0,16.141434,0.0,0,0,0,0,0,2,0,0,0,1,43
2968540000,2968536000,4000000.0,1.0,0.020916333,16.44223,0.0,255,190,6,4,0,0,0,0,1,1,39
2969148000,0,4000000.0,1.0,0.0,16.115536,0.0,0,0,0,0,0,2,0,0,0,1,43
2969528000,2969524000,4000000.0,1.0,0.020916333,16.585655,0.0,255,190,6,4,0,0,0,0,1,1,39
2970148000,0,4000000.0,1.0,0.0,16.011951,0.0,0,0,0,0,0,2,0,0,0,1,43
2970520000,2970516000,4000000.0,1.0,0.020916333,16.380476,0.0,255,190,6,4,0,0,0,0,1,1,39
2971148000,0,4000000.0,1.0,0.0,16.249002,0.0,0,0,0,0,0,2,0,0,0,1,43
2971504000,2971500000,4000000.0,1.0,0.046812747,16.620516,0.0,255,190,6,4,0,0,0,0,1,1,39
2972148000,0,4000000.0,1.0,0.0,16.111553,0.0,0,0,0,0,0,2,0,0,0,1,43
2972492000,2972488000,4000000.0,1.0,0.020916333,16.418325,0.0,255,190,6,4,0,0,0,0,1,1,39
2973148000,0,4000000.0,1.0,0.0,16.161354,0.0,0,0,0,0,0,2,0,0,0,1,43
2973480000,2973476000,4000000.0,1.0,0.020833332,16.695435,0.0,255,190,6,4,0,0,0,0,1,1,39
2974148000,0,4000000.0,1.0,0.0,16.052788,0.0,0,0,0,0,0,2,0,0,0,1,43
2974480000,2973476000,4000000.0,1.0,0.020916333,16.380476,0.0,255,190,6,4,0,0,0,0,1,1,39
2974500000,2974496000,4000000.0,1.0,0.020916333,16.380476,0.0,255,190,6,4,0,0,0,0,1,1,39
2975148000,0,4000000.0,1.0,0.0,16.480078,0.0,0,0,0,0,0,2,0,0,0,1,43
2975444000,2975440000,4000000.0,1.0,0.020916333,17.13247,0.0,255,190,6,4,0,0,0,0,1,1,39
2976148000,0,4000000.0,1.0,0.0,16.438246,0.0,0,0,0,0,0,2,0,0,0,1,43
2976424000,2976420000,4000000.0,1.0,0.020916333,16.464142,0.0,255,190,6,4,0,0,0,0,1,1,39
2977148000,0,4000000.0,1.0,0.0,16.115536,0.0,0,0,0,0,0,2,0,0,0,1,43
2977412000,2977408000,4000000.0,1.0,0.020916333,16.880476,0.0,255,190,6,4,0,0,0,0,1,1,39
2978148000,0,4000000.0,1.0,0.0,16.011951,0.0,0,0,0,0,0,2,0,0,0,1,43
2978400000,2978396000,4000000.0,1.0,0.020916333,16.260954,0.0,255,190,6,4,0,0,0,0,1,1,39
2979148000,0,4000000.0,1.0,0.0,16.151394,0.0,0,0,0,0,0,2,0,0,0,1,43
2979388000,2979384000,4000000.0,1.0,0.020916333,16.705177,0.0,255,190,6,4,0,0,0,0,1,1,39
2980148000,0,4000000.0,1.0,0.0,16.001991,0.0,0,0,0,0,0,2,0,0,0,1,43
2980376000,2980372000,4000000.0,1.0,0.020916333,16.260954,0.0,255,190,6,4,0,0,0,0,1,1,39
2981148000,0,4000000.0,1.0,0.0,16.537848,0.0,0,0,0,0,0,2,0,0,0,1,43
2981364000,2981360000,4000000.0,1.0,0.046812747,16.635456,0.0,255,190,6,4,0,0,0,0,1,1,39
2982148000,0,4000000.0,1.0,0.0,15.999999,0.0,0,0,0,0,0,2,0,0,0,1,43
2982352000,2982348000,4000000.0,1.0,0.020916333,16.411354,0.0,255,190,6,4,0,0,0,0,1,1,39
2983148000,0,4000000.0,1.0,0.0,16.151394,0.0,0,0,0,0,0,2,0,0,0,1,43
2983336000,2983332000,4000000.0,1.0,0.020916333,16.598604,0.0,255,190,6,4,0,0,0,0,1,1,39
2984148000,0,4000000.0,1.0,0.0,16.011951,0.0,0,0,0,0,0,2,0,0,0,1,43
2984320000,2984316000,4000000.0,1.0,0.020916333,16.380476,0.0,255,190,6,4,0,0,0,0,1,1,39
2985148000,0,4000000.0,1.0,0.0,16.179281,0.0,0,0,0,0,0,2,0,0,0,1,43
2985312000,2985308000,4000000.0,1.0,0.020916333,16.635456,0.0,255,190,6,4,0,0,0,0,1,1,39
2986148000,0,4000000.0,1.0,0.0,16.15737,0.0,0,0,0,0,0,2,0,0,0,1,43
2986296000,2986292000,4000000.0,1.0,0.020916333,16.288843,0.0,255,190,6,4,0,0,0,0,1,1,39
2987148000,0,4000000.0,1.0,0.0,16.077688,0.0,0,0,0,0,0,2,0,0,0,1,43
2987284000,2987280000,4000000.0,1.0,0.020916333,16.749002,0.0,255,190,6,4,0,0,0,0,1,1,39
2988148000,0,4000000.0,1.0,0.0,16.037848,0.0,0,0,0,0,0,2,0,0,0,1,43
2988276000,2988272000,4000000.0,1.0,0.020916333,16.248007,0.0,255,190,6,4,0,0,0,0,1,1,39
2989148000,0,4000000.0,1.0,0.0,16.115536,0.0,0,0,0,0,0,2,0,0,0,1,43
2989264000,2989260000,4000000.0,1.0,0.020916333,16.718126,0.0,255,190,6,4,0,0,0,0,1,1,39
2990148000,0,4000000.0,1.0,0.0,16.047808,0.0,0,0,0,0,0,2,0,0,0,1,43
2990244000,2990240000,4000000.0,1.0,0.020916333,16.248007,0.0,255,190,6,4,0,0,0,0,1,1,39
2991148000,0,4000000.0,1.0,0.0,16.286852,0.0,0,0,0,0,0,2,0,0,0,1,43
2991232000,2991228000,4000000.0,1.0,0.046812747,16.648405,0.0,255,190,6,4,0,0,0,0,1,1,39
2992148000,0,4000000.0,1.0,0.0,16.011951,0.0,0,0,0,0,0,2,0,0,0,1,43
2992220000,2992216000,4000000.0,1.0,0.020916333,16.411354,0.0,255,190,6,4,0,0,0,0,1,1,39
2993148000,0,4000000.0,1.0,0.0,16.254978,0.0,0,0,0,0,0,2,0,0,0,1,43
2993208000,2993204000,4000000.0,1.0,0.020916333,16.585655,0.0,255,190,6,4,0,0,0,0,1,1,39
2994148000,0,4000000.0,1.0,0.0,16.001991,0.0,0,0,0,0,0,2,0,0,0,1,43
2994196000,2994192000,4000000.0,1.0,0.020916333,16.380476,0.0,255,190,6,4,0,0,0,0,1,1,39
2995148000,0,4000000.0,1.0,0.0,16.151394,0.0,0,0,0,0,0,2,0,0,0,1,43
2995184000,2995180000,4000000.0,1.0,0.020916333,16.585655,0.0,255,190,6,4,0,0,0,0,1,1,39
2996148000,0,4000000.0,1.0,0.0,16.15737,0.0,0,0,0,0,0,2,0,0,0,1,43
2996172000,2996168000,4000000.0,1.0,0.020916333,16.288843,0.0,255,190,6,4,0,0,0,0,1,1,39
2997148000,0,4000000.0,1.0,0.0,16.067728,0.0,0,0,0,0,0,2,0,0,0,1,43
2997168000,2997164000,4000000.0,1.0,0.020916333,16.749002,0.0,255,190,6,4,0,0,0,0,1,1,39
2998148000,0,4000000.0,1.0,0.0,16.047808,0.0,0,0,0,0,0,2,0,0,0,1,43
2998156000,2998152000,4000000.0,1.0,0.020916333,16.248007,0.0,255,190,6,4,0,0,0,0,1,1,39
2999144000,2999140000,4000000.0,1.0,0.020916333,16.718126,0.0,255,190,6,4,0,0,0,0,1,1,39
2999148000,0,4000000.0,1.0,0.0,16.151394,0.0,0,0,0,0,0,2,0,0,0,1,43
3000128000,3000124000,4000000.0,1.0,0.020916333,16.248007,0.0,255,190,6,4,0,0,0,0,1,1,39
3000148000,0,4000000.0,1.0,0.0,16.037848,0.0,0,0,0,0,0,2,0,0,0,1,43
3001112000,3001108000,4000000.0,1.0,0.046812747,16.648405,0.0,255,190,6,4,0,0,0,0,1,1,39
3001148000,0,4000000.0,1.0,0.0,16.260954,0.0,0,0,0,0,0,2,0,0,0,1,43
3002088000,3002084000,4000000.0,1.0,0.020916333,16.411354,0.0,255,190,6,4,0,0,0,0,1,1,39
3002148000,0,4000000.0,1.0,0.0,16.001991,0.0,0,0,0,0,0,2,0,0,0,1,43
3003072000,3003068000,4000000.0,1.0,0.020916333,16.585655,0.0,255,190,6,4,0,0,0,0,1,1,39
3003148000,0,4000000.0,1.0,0.0,16.151394,0.0,0,0,0,0,0,2,0,0,0,1,43
3004064000,3004060000,4000000.0,1.0,0.020916333,16.380476,0.0,255,190,6,4,0,0,0,0,1,1,39
3004148000,0,4000000.0,1.0,0.0,16.011951,0.0,0,0,0,0,0,2,0,0,0,1,43
3005052000,3005048000,4000000.0,1.0,0.020916333,16.585655,0.0,255,190,6,4,0,0,0,0,1,1,39
3005148000,0,4000000.0,1.0,0.0,16.141434,0.0,0,0,0,0,0,2,0,0,0,1,43
3006040000,3006036000,4000000.0,1.0,0.020916333,16.288843,0.0,255,190,6,4,0,0,0,0,1,1,39
3006148000,0,4000000.0,1.0,0.0,16.385456,0.0,0,0,0,0,0,2,0,0,0,1,43
3007024000,3007020000,4000000.0,1.0,0.020916333,16.778883,0.0,255,190,6,4,0,0,0,0,1,1,39
3007148000,0,4000000.0,1.0,0.0,16.113544,0.0,0,0,0,0,0,2,0,0,0,1,43
3008008000,3008004000,4000000.0,1.0,0.020916333,16.248007,0.0,255,190,6,4,0,0,0,0,1,1,39
3008148000,0,4000000.0,1.0,0.0,16.037848,0.0,0,0,0,0,0,2,0,0,0,1,43
3009008000,3009004000,4000000.0,1.0,0.020916333,16.718126,0.0,255,190,6,4,0,0,0,0,1,1,39
3009148000,0,4000000.0,1.0,0.0,16.115536,0.0,0,0,0,0,0,2,0,0,0,1,43
3009988000,3009984000,4000000.0,1.0,0.020916333,16.718126,0.0,255,190,6,4,0,0,0,0,1,1,39
3010148000,0,4000000.0,1.0,0.0,16.085655,0.0,0,0,0,0,0,2,0,0,0,1,43
3010976000,3010972000,4000000.0,1.0,0.041832667,16.257967,0.0,255,190,6,4,0,0,0,0,1,1,39
3011148000,0,4000000.0,1.0,0.0,16.250994,0.0,0,0,0,0,0,2,0,0,0,1,43
3011960000,3011956000,4000000.0,1.0,0.046812747,16.635456,0.0,255,190,6,4,0,0,0,0,1,1,39
3012148000,0,4000000.0,1.0,0.0,15.974102,0.0,0,0,0,0,0,2,0,0,0,1,43
3012956000,3012952000,4000000.0,1.0,0.020916333,16.411354,0.0,255,190,6,4,0,0,0,0,1,1,39
3013148000,0,4000000.0,1.0,0.0,16.151394,0.0,0,0,0,0,0,2,0,0,0,1,43
3013940000,3013936000,4000000.0,1.0,0.020916333,16.598604,0.0,255,190,6,4,0,0,0,0,1,1,39
3014148000,0,4000000.0,1.0,0.0,16.001991,0.0,0,0,0,0,0,2,0,0,0,1,43
3014928000,3014924000,4000000.0,1.0,0.020916333,16.367529,0.0,255,190,6,4,0,0,0,0,1,1,39
3015148000,0,4000000.0,1.0,0.0,16.151394,0.0,0,0,0,0,0,2,0,0,0,1,43
3015928000,3015924000,4000000.0,1.0,0.020916333,16.598604,0.0,255,190,6,4,0,0,0,0,1,1,39
3016148000,0,4000000.0,1.0,0.0,16.193226,0.0,0,0,0,0,0,2,0,0,0,1,43
3016912000,3016908000,4000000.0,1.0,0.020916333,16.288843,0.0,255,190,6,4,0,0,0,0,1,1,39
3017148000,0,4000000.0,1.0,0.0,16.105576,0.0,0,0,0,0,0,2,0,0,0,1,43
3017904000,3017900000,4000000.0,1.0,0.020916333,16.736053,0.0,255,190,6,4,0,0,0,0,1,1,39
3018148000,0,4000000.0,1.0,0.0,16.151394,0.0,0,0,0,0,0,2,0,0,0,1,43
3018888000,3018884000,4000000.0,1.0,0.020916333,16.260954,0.0,255,190,6,4,0,0,0,0,1,1,39
3019148000,0,4000000.0,1.0,0.0,16.115536,0.0,0,0,0,0,0,2,0,0,0,1,43
3019872000,3019868000,4000000.0,1.0,0.020916333,16.718126,0.0,255,190,6,4,0,0,0,0,1,1,39
3020148000,0,4000000.0,1.0,0.0,16.037848,0.0,0,0,0,0,0,2,0,0,0,1,43
3020856000,3020852000,4000000.0,1.0,0.020916333,16.248007,0.0,255,190,6,4,0,0,0,0,1,1,39
3021148000,0,4000000.0,1.0,0.0,16.260954,0.0,0,0,0,0,0,2,0,0,0,1,43
3021844000,3021840000,4000000.0,1.0,0.046812747,16.648405,0.0,255,190,6,4,0,0,0,0,1,1,39
3022148000,0,4000000.0,1.0,0.0,15.974102,0.0,0,0,0,0,0,2,0,0,0,1,43
3022836000,3022832000,4000000.0,1.0,0.020916333,16.411354,0.0,255,190,6,4,0,0,0,0,1,1,39
3023148000,0,4000000.0,1.0,0.0,16.141434,0.0,0,0,0,0,0,2,0,0,0,1,43
3023820000,3023816000,4000000.0,1.0,0.020916333,16.585655,0.0,255,190,6,4,0,0,0,0,1,1,39
3024148000,0,4000000.0,1.0,0.0,16.047808,0.0,0,0,0,0,0,2,0,0,0,1,43
3024808000,3024804000,4000000.0,1.0,0.020916333,16.380476,0.0,255,190,6,4,0,0,0,0,1,1,39
3025148000,0,4000000.0,1.0,0.0,16.151394,0.0,0,0,0,0,0,2,0,0,0,1,43
3025804000,3025800000,4000000.0,1.0,0.020916333,16.598604,0.0,255,190,6,4,0,0,0,0,1,1,39
3026148000,0,4000000.0,1.0,0.0,16.14741,0.0,0,0,0,0,0,2,0,0,0,1,43
3026796000,3026792000,4000000.0,1.0,0.020916333,16.275894,0.0,255,190,6,4,0,0,0,0,1,1,39
3027148000,0,4000000.0,1.0,0.0,16.115536,0.0,0,0,0,0,0,2,0,0,0,1,43
3027776000,3027772000,4000000.0,1.0,0.020916333,16.749002,0.0,255,190,6,4,0,0,0,0,1,1,39
3028148000,0,4000000.0,1.0,0.0,16.037848,0.0,0,0,0,0,0,2,0,0,0,1,43
3028760000,3028756000,4000000.0,1.0,0.020916333,16.248007,0.0,255,190,6,4,0,0,0,0,1,1,39
3029148000,0,4000000.0,1.0,0.0,16.115536,0.0,0,0,0,0,0,2,0,0,0,1,43
3029748000,3029744000,4000000.0,1.0,0.020916333,17.248007,0.0,255,190,6,4,0,0,0,0,1,1,39
3030148000,0,4000000.0,1.0,0.0,16.047808,0.0,0,0,0,0,0,2,0,0,0,1,43
3030732000,3030728000,4000000.0,1.0,0.020916333,16.620516,0.0,255,190,6,4,0,0,0,0,1,1,39
3031148000,0,4000000.0,1.0,0.0,16.71713,0.0,0,0,0,0,0,2,0,0,0,1,43
3031724000,3031720000,4000000.0,1.0,0.046812747,16.275894,0.0,255,190,6,4,0,0,0,0,1,1,39
3032148000,0,4000000.0,1.0,0.0,16.113544,0.0,0,0,0,0,0,2,0,0,0,1,43
3032716000,3032712000,4000000.0,1.0,0.020916333,16.749002,0.0,255,190,6,4,0,0,0,0,1,1,39
3033148000,0,4000000.0,1.0,0.0,16.047808,0.0,0,0,0,0,0,2,0,0,0,1,43
3033708000,3033704000,4000000.0,1.0,0.020916333,16.248007,0.0,255,190,6,4,0,0,0,0,1,1,39
3034148000,0,4000000.0,1.0,0.0,16.105576,0.0,0,0,0,0,0,2,0,0,0,1,43
3034692000,3034688000,4000000.0,1.0,0.020916333,16.718126,0.0,255,190,6,4,0,0,0,0,1,1,39
3035148000,0,4000000.0,1.0,0.0,16.105576,0.0,0,0,0,0,0,2,0,0,0,1,43
3035680000,3035676000,4000000.0,1.0,0.020916333,16.248007,0.0,255,190,6,4,0,0,0,0,1,1,39
3036148000,0,4000000.0,1.0,0.0,16.085655,0.0,0,0,0,0,0,2,0,0,0,1,43
3036664000,3036664000,4000000.0,1.0,0.020916333,16.626493,0.0,255,190,6,4,0,0,0,0,1,1,39
3037148000,0,4000000.0,1.0,0.0,16.260954,0.0,0,0,0,0,0,2,0,0,0,1,43
3037656000,3037652000,4000000.0,1.0,0.020916333,16.411354,0.0,255,190,6,4,0,0,0,0,1,1,39
3038148000,0,4000000.0,1.0,0.0,15.964142,0.0,0,0,0,0,0,2,0,0,0,1,43
3038656000,3038652000,4000000.0,1.0,0.020916333,16.585655,0.0,255,190,6,4,0,0,0,0,1,1,39
3039148000,0,4000000.0,1.0,0.0,16.151394,0.0,0,0,0,0,0,2,0,0,0,1,43
3039636000,3039632000,4000000.0,1.0,0.020916333,16.380476,0.0,255,190,6,4,0,0,0,0,1,1,39
3040148000,0,4000000.0,1.0,0.0,16.011951,0.0,0,0,0,0,0,2,0,0,0,1,43
3040620000,3040616000,4000000.0,1.0,0.046812747,16.620516,0.0,255,190,6,4,0,0,0,0,1,1,39
3041148000,0,4000000.0,1.0,0.0,16.141434,0.0,0,0,0,0,0,2,0,0,0,1,43
3041604000,3041600000,4000000.0,1.0,0.020916333,16.275894,0.0,255,190,6,4,0,0,0,0,1,1,39
3042148000,0,4000000.0,1.0,0.0,16.15737,0.0,0,0,0,0,0,2,0,0,0,1,43
3042592000,3042588000,4000000.0,1.0,0.020916333,16.747011,0.0,255,190,6,4,0,0,0,0,1,1,39
3043148000,0,4000000.0,1.0,0.0,16.151394,0.0,0,0,0,0,0,2,0,0,0,1,43
